verzija,višina,širina,dolžina,teža
T8R,135.2,195.8,458.6,2250
1.1 ate97,138.0,156.0,356.0,806
1.1,138.0,156.0,352.0,806
1.4 GTi 16v MPI,138.0,156.0,352.0,865
1.4 GTi 16v,138.0,156.0,352.0,859
1.4,138.0,156.0,356.0,828
1.4D,138.0,156.0,352.0,820
1.6,143,178,479,1310
1.8 75,142.0,181.0,479.0,1059
1.8 90,142.2,181.4,479.2,1080
1.8,142.0,181.0,479.0,1083
1.9,142.0,181.0,479.0,1170
2.0 16v,143,178,479,1370
2.0 D,142.0,181.0,479.0,1223
2.0 E 100,143.0,178.0,479.0,1282
2.0 E,142.0,181.0,479.0,1230
2.0 TD,142.0,181.0,479.0,1278
2.0,142.0,181.0,479.0,1210
2.0E 116,143.0,178.0,479.0,1297
2.1,142,181,479,1210
2.2 Quattro,142.0,181.0,479.0,
2.2 Sport quattro,141.4,181.4,479.2,1360
2.2 Turbo Quattro,142.0,181.0,479.0,1350
2.2 Turbo,142.0,181.0,479.0,1266
2.2,142.0,181.0,479.0,1219
2.3 E Quattro,143.0,178.0,479.0,1442
2.3 E,143.0,178.0,479.0,1342
2.3 Quattro,142.0,181.0,479.0,1334
2.4 D,143.0,178.0,479.0,1350
2.5 TDI,143,178,479,1440
2.6 E Quattro,142.0,178.0,479.0,1516
2.6 E,142.0,178.0,479.0,1416
2.8 E Quattro Automatic,144.0,178.0,479,
2.8 E Quattro,144.0,178.0,479.0,1472
2.8 E,142.0,178.0,479.0,1372
5E,139.0,177.0,468.0,1170
1.1,138.0,156.0,356.0,865
1.8,133.3,174.6,446.4,1100
1.6,131.0,168.0,414.0,1050
2.0 GTi,131.0,168.0,414.0,1150
S4 4.2,144.0,180.0,479.0,1663
S4,143,178,479,1610
1.4 HDi,162.0,182.6,373.1,1243
1.4i 16v,162.0,182.6,373.1,1163
1.4i,162.0,182.6,373.1,1140
1.6i,162.0,182.6,373.1,1216
1.0,152.0,152.0,337.0,740
Z,136,152,336.6,740
ZS,136,152,336.6,780
1050,140,161,420,875
1.0 XN,138.0,159.0,368.0,770
1.0i XN,137.0,158.0,356.0,748
1.1 XR - XT,138.0,159.0,368.0,790
1.1i XR - XT,137.0,158.0,356.0,776
1.4 D XN - XR,137.0,158.0,356.0,820
1.4 XR - XT,138.0,159.0,368.0,790
1.4i XR - XT - XS,137.0,159.0,356.0,818
1.5 D XR,138.0,159.0,368.0,864
1.6 XS,137.0,159.0,368.0,857
1.6i XT - XS,136.0,161.0,356.0,870
GTI 1.6 16v,136.0,159.0,368.0,925
Rallye 1.3i,136.0,161.0,356.0,816
Rallye 1.6,136.0,161.0,368.0,868
XSi 1.6,136.0,161.0,356.0,872
XSi,136.0,161.0,356.0,845
1.0i,147.0,163.0,343.0,1180
1.4 HDi,147.0,163.0,343.0,1235
3doors Active 1.0 68HP,147.0,163.0,343.0,860
3doors Envy 1.0 68HP,147.0,163.0,343.0,860
3doors Trendy 1.0 68HP,,,,865
3doors Urban 1.0 68HP,,,,865
5doors Active 1.0 68HP 2Tronic,147.0,163.0,343.0,910
5doors Active 1.0 68HP,147.0,163.0,343.0,875
5doors Envy 1.0 68HP,147.0,163.0,343.0,875
5doors Trendy 1.0 68HP 2-Tronic,,,,915
5doors Trendy 1.0 68HP,,,,880
5doors Trendy 1.4 HDi 54HP,,,,965
5doors Urban 1.0 68HP,,,,880
3-door 1.0 e-VTi 72,146.0,161.5,347.5,815
3-doors 1.0 68HP,,,,875
3-doors 1.0 VTi 68 ETG5,146.0,161.5,347.5,935
3-doors 1.2 PureTech 82,146.0,161.5,347.5,940
3-doors 1.2 VTi 82,146.0,161.5,347.5,940
3-doors e-VTi 68,146.0,161.5,347.5,935
3-doors VTi 68 ETG5,146.0,161.5,347.5,935
3-doors VTi 68,146.0,161.5,347.5,915
5-door 1.0 e-VTi 72 Auto,146.0,161.5,347.5,835
5-door 1.0 e-VTi 72,146.0,161.5,347.5,815
5-doors 1.0 68HP,,,,875
5-doors 1.0 VTi 68 ETG5 Allure TOP!,146.0,161.5,347.5,935
5-doors 1.2 PureTech 82 Allure TOP!,146.0,161.5,347.5,940
5-doors 1.2 PureTech 82 Open TOP!,146.0,161.5,347.5,940
5-doors 1.2 PureTech 82 Open,146.0,161.5,347.5,940
5-doors 1.2 PureTech 82 Roland Garros TOP!,146.0,161.5,347.5,940
5-doors 1.2 VTi 82,146.0,161.5,347.5,940
5-doors e-VTi 68,146.0,161.5,347.5,935
5-doors VTi 68 ETG5,146.0,161.5,347.5,935
5-doors VTi 68,146.0,161.5,347.5,915
TOP! 1.0 68HP,,,,875
2.6,206,168,444.5,1700
3.5 V8,201,168,444.5,1760
1.4 TL/GTL,141.0,166.0,398.0,843
1.4 TSE,141.0,166.0,398.0,900
GTD - TDE,140,166,397.3,950
GTX - TXE,140,166,397.3,910
1.2 TC,141.0,167.0,405.0,816
1.4 Automatic,141.0,167.0,405.0,865
1.4 GTL,141.0,167.0,405.0,872
1.4 TL,141.0,167.0,405.0,872
1.7 GTE,141.0,167.0,405.0,898
1.7 GTX,141.0,167.0,405.0,898
GTD,141.0,167.0,405.0,915
TL - GTL,140,166,397.3,870
Turbo,138,166,397.3,915
2.2 Diesel,203.5,179,444.5,
2.2,203.5,179,444.5,1723
V8,203.5,179,444.5,
1300 Automatic,143.5,161.3,434.3,935
1300 Estate,145.4,163.8,440.7,950
1300 L,143.5,161.3,434.3,900
1300 TS,143.5,163.8,434.3,910
1300,143.5,163.8,434.3,840
Gordini,139.7,161.3,430,980
L/LS,140.0,161.0,420.0,922
L,140,159.5,416.1,880
LS - GLS,140,161,420,885
Estate,158,170,448.5,1062
Coupe,133.0,168.0,448.0,1110
1.1 5sp,145.0,160.0,348.0,725
1.1,145.0,160.0,348.0,725
1.3 Cabrio Top,150.0,160.0,348.0,775
1.3,145.0,160.0,348.0,775
1.3i Cabrio Top,150.0,166.0,380.0,835
1.3i,147.0,166.0,380.0,810
1.25i auto,132.0,163.0,383.0,950
1.25i Cabrio Top,132.0,163.0,383.0,928
1.25i,132.0,163.0,383.0,925
1.3i,132.0,163.0,383.0,935
1.8 D,132.0,163.0,383.0,1035
1.8 TD,132.0,163.0,383.0,1034
B16,150.4,161.3,445,1000
S,150.5,161.9,445.1,1090
1200,141.6,162.6,404.2,864
1400,133.9,167,411.5,980
1600,134,167,411.5,995
1800,134,167,411.5,996
Special T,142.2,161.3,406.4,960
Lusso 1.4T 140HP Auto,123.3,174.0,405.4,1145
Lusso 1.4T 140HP,123.3,174.0,405.4,
1400,125,161,397,945
1600,125,161,397,960
1800,125,161,397,960
2000,122,161,414,1070
2000i,122,161,414,1070
Abarth Rallye,124,163.1,391.2,939
S,,,,650
650cc,133.5,138.2,312.9,600
1100SL Coupe,130.8,156.2,381,820
1300SL Coupe,130.8,156.2,381,820
Berlinetta,130.8,156.2,382.3,850
CL Estate,142.2,158.8,383.5,831
CL,142.2,158.8,383.5,805
Estate,142.2,158.8,386.1,825
Rally,139.1,158.8,388,820
Saloon,142.2,158.8,385.5,815
Automatic,137.8,176,484.2,1600
Opera,137,175.5,485,
Saloon Automatic,144.1,180.3,475,1542
Saloon,147.3,180.3,475,1474
112hp,132.1,150,416.6,915
7 Custom Automatic,132,149.5,410.5,
7 Custom,132,149.5,410.5,905
7 De Luxe Automatic,132,149.5,414,920
7 De Luxe,132,149.5,414,895
9 De Luxe,132,149.5,414,920
94hp,132.1,150,416.6,915
77 Automatic,134.5,146.5,399.5,
77,134.5,146.5,399.5,910
2000,136,163.2,423.8,985
Diesel,136,163.2,423.8,1070
1600 GLS,142.2,164.5,440.7,1095
1600,138.4,164.5,438.2,1070
1800 ES,142.2,164.5,442,1095
1800,138.4,164.5,438.2,1070
2000 GLS Automatic,143.5,163.8,439.4,1140
2000 GLS,143.5,163.8,439.4,1140
Diesel 2000,143,164,439,1220
Diesel 2500,143,164,439,1230
1.2 TL,140.0,162.0,402.0,833
1.4 GTL,140.0,162.0,402.0,836
1.4 LS/TS,140.0,162.0,402.0,850
Grand Luxe Saloon Automatic,144,173,464,
Grand Luxe Saloon,144,173,464,1180
S De Luxe Saloon,144,173,464,1150
Saloon,144,173,464,1130
Honda 145,136,146.5,399.5,845
Honda 145 Coupe,133,149.5,414,850
Custom,136,146.5,402,880
1.6 TS eco,144.2,172.9,417,1190
1.6 TS,144.2,172.9,417,1200
1.9 JTD 100HP,144.2,172.9,422.3,1250
1.9 JTD 115HP,144.2,172.9,417,1270
1.9 JTD 16v,144.2,172.9,422.3,1290
1.9 JTD 8v Mjet,144.2,172.9,422.3,
1.9 JTD Ducati Corse 3 doors,142.1,172.9,422.3,1290
1.9 JTD Ducati Corse 5 doors,142.1,172.9,422.3,1310
1.9 JTDm 16v Q2,144.2,172.9,422.3,1285
2.0 TS,144.2,172.9,417,1250
5p 1.6 TS 105HP Moving,,,,1285
5p 1.9 JTD 120HP Moving,,,,1365
GTA,142.1,172.9,417,1435
GTL Coupe Automatic,130.8,163.2,426,990
Drop-head Coupe,,,,
Speed Model,139.7,162.6,426.7,1164
TL Coupe,130.8,163.2,426,965
TS Coupe,130.8,163.2,426,1005
1.6 TS,144,173,444.3,1207
1.7 TS,142.5,173,444.3,1205
1.8 TS 16v,142.5,173,444.3,1270
1.8 TS,144,170,444.5,1270
2.0 16v TS,143,173,444,1300
2.0 Q4,144,170,444,1445
2.0 TD,144,170,444,1227
2.0 TS,144,170,444,1290
2.5 TD,142.5,173,444.3,1340
2.5 V6,142.5,173,444.3,1370
1.6 TS,141.5,174.5,443,1230
1.8 TS,141.5,174.5,443,1230
1.9 JTD 16v,141.5,174.5,443,1380
1.9 JTD 8v,141.5,174.5,443,1380
1.9 JTD,141.1,174.5,443,1270
2.0 JTS,141.5,174.5,443,1360
2.0 TS,141.1,174.5,443,1250
2.4 JTD 10v,141.5,174.5,443,1460
2.4 JTD 20v,141.5,174.5,443,1460
2.4 JTD,141.5,174.5,443,1350
2.5 V6,141.5,174.5,443,1430
GTA,140.2,174.5,443,1485
1.8 TBi 200HP Sport Plus,,,,1505
1.8,145.2,183,466.1,1405
1.9 JTDm 120HP Sport ECO,,,,1555
1.9 JTDm 120HP Sport Plus ECO,,,,1555
1.9 JTDm 16v,145.2,183,466.1,1510
1.9 JTDm 8v,145.2,183,466.1,1500
1.9 JTS,145.2,182.8,466.1,1455
2.0 JTDm 170HP Sport Plus ECO,,,,1565
2.0 JTDm 170HP Sport Plus,,,,1565
2.2 JTS,145.2,183,466.1,1465
2.4 JTDm,145.2,183,466.1,1605
3.2 V6 JTS Q4,145.2,183,466.1,1655
SW 1.8 TBi 200HP Sport Plus,,,,1555
SW 1.9 JTDm 120HP Sport ECO,,,,1605
SW 1.9 JTDm 120HP Sport Plus ECO,,,,1605
SW 2.0 JTDm 170HP Sport Plus ECO,,,,1615
SW 2.0 JTDm 170HP Sport Plus,,,,1615
L,144.8,162.6,425.5,1010
TL,145,163,424,1010
TS,135.9,165.1,423,1060
TX,144.8,162.6,423.5,1060
Volvo 164,144,173,471,1320
E,144,173,471,1335
Abarth,121.2,149.5,418,545
Inter,,,,900
MM,,,,650
Gordini,131.1,163.1,426,1055
TL,130.8,164.5,426,1015
TS Automatic,130.8,163.8,426,1075
TS,130.8,163.8,426,1040
Alfa Romeo 1750 Berlina,143,157.5,439.4,1110
Alfa Romeo 1750 GTV,132.1,157.5,408.9,1038
1.4 TL/GTL,140.0,169.0,438.0,900
1.4 TL,140.0,170.0,439.0,900
1.6 GTL,140.0,169.0,438.0,940
1.6 TS/GTS,140.0,169.0,438.0,940
1.6,140.0,169.0,438.0,940
2.0 Automatic,140.0,169.0,438.0,994
2.0 GTX Type 2,140,168,439,1015
2.0 TX/GTX,140.0,169.0,438.0,1003
TD/GTD,140.0,170.0,439.0,1046
TL Break,140,169,449,995
TS Break 5-Speed,140.2,169,446.3,1025
TS Break,140.2,169,446.3,1025
Turbo-D Type 2,140,168,439,1085
Turbo Type 2,140.5,169.6,439.4,1040
Turbo,140.0,169.0,438.0,1040
1.8 16v,141.0,170.0,416.0,1182
1.8 RSi,141.0,170.0,416.0,1163
1.8,141.0,170.0,416.0,1196
1.4 TR/GTR,142.0,169.0,426.0,932
1.4 TS/GTS Energy,142.0,169.0,426.0,920
1.7 GTX/TXE,142.0,169.0,426.0,1059
1.7 TS/GTS,142.0,169.0,426.0,974
16v,142.0,169.0,426.0,1085
TD/GTD,142.0,169.0,426.0,998
Turbo D,142.0,169.0,426.0,1075
Alfa Romeo 1900 Berlina,149,160,440,1100
Super,149,160,440,1100
AR 51 La Matta,182,157,352,1250
Inter,,,,950
Sport,,,,720
1.25,153.0,168.0,392.5,1125
1.4 CRTD,153.0,168.0,392.5,1155
1.4,154.0,168.0,392.0,1025
1.6,153.0,168.0,392.5,1145
1.5 SKYACTIV-D 105HP Luxury,149.5,169.5,406.0,1115
1.5 SKYACTIV-D 105HP Style+ Confort,149.5,169.5,406.0,1115
1.5 SKYACTIV-D 105HP Style+,149.5,169.5,406.0,1115
1.5 SKYACTIV-G 75HP Style+ Confort,149.5,169.5,406.0,1045
1.5 SKYACTIV-G 75HP Style+,149.5,169.5,406.0,1045
1.5 SKYACTIV-G 75HP Style,149.5,169.5,406.0,1045
1.5 SKYACTIV-G 90HP Auto Luxury,149.5,169.5,406.0,1075
1.5 SKYACTIV-G 90HP Luxury,149.5,169.5,406.0,1050
1.5 SKYACTIV-G 90HP Style+ Confort,149.5,169.5,406.0,1050
3-doors Active 1.3 75HP,,,,1025
3-doors Sportive 1.5 103HP,,,,1030
3-doors Sportive 1.6 CRTD 90HP,,,,1095
3-doors Style 1.3 86HP,,,,1025
3-doors Style 1.4 CRTD 68HP,,,,1045
3-doors Style 1.6 CRTD 90HP,,,,1095
5-doors Active 1.3 75HP,,,,1030
5-doors Sportive 1.5 103HP,,,,1035
5-doors Sportive 1.6 CRTD 90HP,,,,1105
5-doors Style 1.3 86HP,,,,1030
5-doors Style 1.4 CRTD 68HP,,,,1055
5-doors Style 1.6 CRTD 90HP,,,,1105
Iruka 1.3 75HP,147.5,169.5,390.0,1035
Sakura 1.3 75HP,147.5,169.5,390.0,1035
SKYACTIV-D 1.5 105HP,149.5,169.5,406.0,1115
SKYACTIV-G 1.5 115HP i-ELOOP,149.5,169.5,406.0,1055
SKYACTIV-G 1.5 90HP Auto,149.5,169.5,406.0,1075
SKYACTIV-G 1.5 90HP,149.5,169.5,406.0,1050
SkyActiv-G 75,149.5,169.5,407.0,996
SkyActiv-G 90 Auto,149.5,169.5,407.0,1012
SkyActiv-G 90,149.5,169.5,407.0,996
Maserati 2.24v,130.5,171.4,419,1240
1.6 TL,144.0,173.0,452.0,1185
2.0 LS/TS,144.0,173.0,452.0,1175
2.2 TX,144.0,173.0,452.0,1220
TD/GTD,144.0,173.0,452.0,1250
2.2 l,142.2,181.4,480.7,1260
2.2l Turbo Quattro 20v,142.0,181.0,481.0,1520
2.2l Turbo Quattro,142.0,181.0,481.0,1410
2.2l Turbo,142.0,181.0,481.0,1300
2.4 LX,148.3,184.2,486.9,1537
2.4 Touring,148.3,184.2,486.9,
3.6 Touring,148.3,184.2,486.9,1614
5/E,139.0,177.0,470.0,1260
5/T,139.0,177.0,470.0,1260
214,139.0,168.0,422.0,1071
216,139.0,168.0,422.0,1112
1.3,138.0,162.0,416.0,870
1.6 EFi,138.0,162.0,416.0,945
1.6,138.0,162.0,416.0,945
214 Si,140.0,168.0,422.0,1065
214i,140.0,168.0,422.0,1001
216 GSi,140.0,168.0,422.0,1110
218 GSD Turbo,140.0,168.0,422.0,1187
214 Si,140.0,168.0,422.0,1000
214i,140.0,168.0,422.0,981
216 GTi,140.0,168.0,422.0,1110
220 GSi,140.0,168.0,422.0,1147
220 GTI,140.0,168.0,422.0,1147
216,137.0,168.0,427.0,1085
220 Turbo,139.0,168.0,422.0,1185
220,137.0,168.0,427.0,1147
200 BRM,140.0,169.0,397.0,1070
200Vi,142.0,169.0,397.0,1012
214 Si,142.0,169.0,397.0,963
214i,142.0,169.0,397.0,963
216,142.0,169.0,397.0,1000
220 D,142.0,169.0,397.0,1083
220 TD,142.0,169.0,397.0,1083
1.8 Turbo,129.0,169.0,454.0,1190
2.0 Turbo,130.0,173.0,452.0,1240
2.0 Turbo,130.0,173.0,452.0,1240
Berlina,143,170,471,1337
Alfa Romeo 2000 Berlina,143.5,156.2,439.4,1107
SA,139,161,441.5,1020
Alfa Romeo 2000 Sportiva Coupe,112,154,416,915
BMW 2000 TI Coupe,125,171.9,455.9,
BMW 2004,139,161,441.5,1020
1.2 e-VTi 82 CMP Blue Lion Allure,155.6,173.9,415.9,1130
1.2 PureTech 100,153,177,430,1167
1.2 PureTech 110 Active,155.6,173.9,415.9,1165
1.2 PureTech 110 Allure,155.6,173.9,415.9,1165
1.2 PureTech 110 Crossway,155.6,173.9,415.9,1165
1.2 PureTech 110 Style,155.6,173.9,415.9,1165
1.2 PureTech 130 Allure,155.6,173.9,415.9,1235
1.2 PureTech 130 Auto,153,177,430,1230
1.2 PureTech 130 Crossway,155.6,173.9,415.9,1235
1.2 PureTech 130,153,177,430,1167
1.2 PureTech 82 Access,155.6,173.9,415.9,1120
1.2 PureTech 82 Active,155.6,173.9,415.9,1120
1.2 PureTech 82 ETG5 Active,155.6,173.9,415.9,1120
1.2 PureTech 82 Style,155.6,173.9,415.9,1120
1.2 VTi 82 Access,155.6,173.9,415.9,1120
1.2 VTi 82 Active,155.6,173.9,415.9,1120
1.2 VTi 82 Allure,155.6,173.9,415.9,1120
1.4 HDi 68 Active,155.6,173.9,415.9,1165
1.5 BlueHDI 100 Auto,153,177,430,1180
1.5 BlueHDI 100,153,177,430,1180
1.5 BlueHDi 110,153.0,177.0,430.0,1180
1.5 BlueHDi 130,153.0,177.0,430.0,1245
1.6 BlueHDi 100 Active,155.6,173.9,415.9,1240
1.6 BlueHDi 100 Allure,155.6,173.9,415.9,1240
1.6 BlueHDi 100 Crossway,155.6,173.9,415.9,1240
1.6 BlueHDi 100 Style,155.6,173.9,415.9,1240
1.6 BlueHDi 120 Allure,155.6,173.9,415.9,1275
1.6 BlueHDi 120 Crossway,155.6,173.9,415.9,1275
1.6 e-HDi 115 Allure,155.6,173.9,415.9,1255
1.6 e-HDi 115 Feline Cuivre,155.6,173.9,415.9,1255
1.6 e-HDi 115 Feline Titane,155.6,173.9,415.9,1255
1.6 e-HDi 92 Active,155.6,173.9,415.9,1235
1.6 e-HDi 92 Allure,155.6,173.9,415.9,1235
1.6 e-HDi 92 CMP Active,155.6,173.9,415.9,1245
1.6 e-HDi 92 CMP Blue Lion Allure,155.6,173.9,415.9,1245
1.6 e-HDi 92 ETG6 Active,155.6,173.9,415.9,1235
1.6 e-HDi 92 Feline Cuivre,155.6,173.9,415.9,1235
1.6 e-HDi 92 Feline Titane,155.6,173.9,415.9,1235
1.6 VTi 120 Allure,155.6,173.9,415.9,1155
1.6 VTi 120 Feline Titane,155.6,173.9,415.9,1155
e-2008 EV 50kWh 136 Active,153,177,430,1455
e-2008 EV 50kWh 136 Allure,153,177,430,1455
e-2008 GT EV 50kWh 136,153,177,430,1455
GT 1.2 PureTech 155,153,177,430,1180
1.0 GL,138.0,156.0,370.0,740
1.1 GL - GR - XR,137.6,156.2,370.5,740
1.1 XR - GR,138.0,156.0,370.0,745
1.1i GL - XR - GR,138.0,157.0,370.0,780
1.1i XR - GR,138.0,157.0,370.0,780
1.4 SR,137.6,156.2,370.5,800
1.4 XR - GR,138.0,157.0,370.0,810
1.4i XR - GR - XS,138.0,157.0,370.0,810
1.6 GTI 105,137.6,156.2,370.5,850
1.6i Auto,138.0,157.0,370.0,880
1.6i XR - GR - XS,138.0,157.0,370.0,880
1.8 D GR - SR,138.0,157.0,370.0,846
1.1i,138.0,157.0,370.0,846
1.4 CJ,138.0,157.0,370.0,845
1.4i CJ,138.0,157.0,370.0,830
1.6 CTI,138.0,159.0,370.0,904
1.9 CTI,135.0,159.0,370.0,930
GRD - SRD - (GLD),137.6,156.2,370.5,850
GT,137.6,156.2,370.5,810
GTI 1.9 Cat.,135.0,159.0,370.0,860
GTI 1.9,135.0,159.0,370.0,860
Rallye,137.0,157.0,370.0,794
Turbo 16,133,167.4,382.5,980
Turbo D,138.0,157.0,370.0,865
3doors 1.1i 60,,,,1013
3doors 1.4 HDi 70,,,,1042
3doors 1.4i 75,,,,1016
3doors Generation 1.1i 60,144.4,166.9,387.2,1005
3doors Generation 1.4 HDi 70,144.4,166.9,387.2,1042
3doors Generation 1.4i 75,144.4,166.9,387.2,1007
5doors 1.1i 60,,,,1020
5doors 1.4 HDi 70,,,,1055
5doors 1.4i 75,,,,1027
5doors Generation 1.1i 60,144.4,166.9,387.2,1017
5doors Generation 1.4 HDi 70,144.4,166.9,387.2,1051
5doors Generation 1.4i 75,144.4,166.9,387.2,1007
1.1 XR - XT,143.0,165.0,382.0,885
1.4 16v XT - XS,143.0,165.0,382.0,938
1.4 Auto XR - XT - RG,143.0,165.0,382.0,955
1.4 HDI XR - XT,143.0,165.0,382.0,949
1.4 HDi,143.0,165.0,384.0,986
1.4 XR - XT - XS - RG,143.0,165.0,382.0,925
1.4i,143.0,165.0,384.0,950
1.6 HDI XT - XS,144.0,165.0,382.0,1030
1.6 XT - XS,143.0,165.0,382.0,1000
1.9 D XA - XR - XT,143.0,165.0,382.0,984
2.0 HDI XT - XS,144.0,165.0,382.0,1045
1.6 HDi,137.3,167.3,383.5,1210
1.6i,137.3,167.3,383.5,1140
2.0i,137.3,167.3,383.5,1152
GTI 1.6 16v,143.0,165.0,382.0,988
GTI 2.0 16v,143.0,165.0,382.0,1025
RC,143.0,167.0,384.0,1059
1.1 XR - XT,146.0,165.0,403.0,965
1.4 16v,146.0,165.0,403.0,1013
1.4 HDI,146.0,165.0,403.0,1010
1.4 XR - XT - XS,146.0,165.0,403.0,974
1.6 HDI,146.0,165.0,403.0,1089
2.0 16v,146.0,167.0,403.0,1092
2.0 HDI,146.0,165.0,403.0,1091
3d 1.4 HDi,147.2,174.8,404.5,1246
3d 1.4i,147.2,174.8,404.5,1201
5d 1.4 HDi,147.2,174.8,404.5,1259
5d 1.4i,147.2,174.8,404.5,1214
1.4 HDi,147.2,172.0,403.0,1261
1.4i 16v,147.2,172.0,403.0,1224
1.4i,147.2,172.0,403.0,1231
1.6 HDi 110,147.2,172.0,403.0,1328
1.6 HDi 90,147.2,172.0,403.0,1280
1.6i 16v,147.2,172.0,403.0,1300
3p Access 1.4 HDi 70 FAP,147.2,174.8,404.5,1269
3p Access 1.4i 75,147.2,174.8,404.5,1201
3p Active 1.4 HDi 70 FAP,147.2,174.8,404.5,1269
3p Active 1.4 VTi 95,147.2,174.8,404.5,1219
3p Active 1.4i 75,147.2,174.8,404.5,1201
3p Active 1.6 HDi 112 FAP,147.2,174.8,404.5,1265
3p Active 1.6 HDi 92 FAP,147.2,174.8,404.5,1264
3p Active 1.6 VTi 120,147.2,174.8,404.5,1255
3p Allure 1.6 HDi 112 FAP,147.2,174.8,404.5,1265
3p Allure 1.6 THP 155,147.2,174.8,404.5,1309
3p Allure 1.6 VTi 120,147.2,174.8,404.5,1255
3p Envy 1.4 HDi 70 FAP,147.2,174.8,404.5,1269
3p Envy 1.4 VTi 95,147.2,174.8,404.5,1219
3p Envy 1.4i 75,147.2,174.8,404.5,1201
3p Envy 1.6 HDi 92 FAP,147.2,174.8,404.5,1264
5p 98 gramos 1.6 HDi 92 FAP,147.2,174.8,404.5,1260
5p Access 1.4 HDi 70 FAP,147.2,174.8,404.5,1269
5p Access 1.4i 75,147.2,174.8,404.5,1214
5p Active 1.4 HDi 70 FAP,147.2,174.8,404.5,1269
5p Active 1.4 VTi 95,147.2,174.8,404.5,
5p Active 1.4i 75,147.2,174.8,404.5,1214
5p Active 1.6 HDi 112 FAP,147.2,174.8,404.5,1295
5p Active 1.6 HDi 92 FAP,147.2,174.8,404.5,1277
5p Active 1.6 VTi 120,147.2,174.8,404.5,1278
5p Allure 1.6 HDi 112 FAP,147.2,174.8,404.5,1295
5p Allure 1.6 HDi 92 FAP,147.2,174.8,404.5,1277
5p Allure 1.6 VTi 120 Aut.,147.2,174.8,404.5,1279
5p Allure 1.6 VTi 120,147.2,174.8,404.5,1278
5p Envy 1.4 HDi 70 FAP,147.2,174.8,404.5,1269
5p Envy 1.4 VTi 95,147.2,174.8,404.5,
5p Envy 1.4i 75,147.2,174.8,404.5,1214
5p Envy 1.6 HDi 92 FAP,147.2,174.8,404.5,1277
SW Active 1.4 VTi 95,152.7,174.8,416.4,1279
SW Active 1.6 HDi 112 FAP,152.7,174.8,416.4,1336
SW Active 1.6 HDi 92 FAP,152.7,174.8,416.4,1322
SW Active 1.6 VTi 120 Aut.,152.7,174.8,416.4,1309
SW Active 1.6 VTi 120,152.7,174.8,416.4,1279
SW Outdoor 1.6 HDi 112 FAP,155.5,174.8,416.4,1393
SW Outdoor 1.6 HDi 92 FAP,155.5,174.8,416.4,1322
SW Outdoor 1.6 VTi 120,155.5,174.8,416.4,1323
1.0 PureTech 68,146.0,173.9,396.2,1035
1.0 PureTech 68 Access,146.0,173.9,396.5,1035
1.0 PureTech 68 Active,146.0,173.9,396.5,1035
1.2 GT-Line PureTech 100,143,174.5,405.5,1065
1.2 GT-Line PureTech 130 Auto,143,174.5,405.5,1133
1.2 PureTech 100 Auto,143,174.5,405.5,1065
1.2 PureTech 100,143,174.5,405.5,1065
1.2 PureTech 110,146.0,173.9,396.2,1135
1.2 PureTech 110 EAT6,146.0,173.9,396.2,1155
1.2 PureTech 110 GT-Line,146.0,173.9,396.5,1145
1.2 PureTech 110 S&S,146.0,173.9,397.3,1145
1.2 PureTech 130 Auto,143,174.5,405.5,1133
1.2 PureTech 75,143,174.5,405.5,1065
1.2 PureTech 82,146.0,173.9,396.2,1035
1.2 PureTech 82 Active,146.0,173.9,396.5,1035
1.2 PureTech 82 ETG5,146.0,173.9,396.2,1040
1.2 PureTech 82 Style,146.0,173.9,397.3,1035
1.2 PureTech 82 Very Low Consumption,146.0,173.9,396.2,1035
1.5 BlueHDI 100,143,174.5,405.5,1065
1.6 BlueHDi 100,146.0,173.9,396.2,1165
1.6 BlueHDi 100 GT-Line,146.0,173.9,397.3,1150
1.6 BlueHDi 100 Style,146.0,173.9,397.3,1150
1.6 BlueHDi 100 Very Low Consumption,146.0,173.9,396.2,1165
1.6 BlueHDi 120,146.0,173.9,396.2,1190
1.6 BlueHDi 75,146.0,173.9,396.2,1140
1.6 BlueHDi 75 Access,146.0,173.9,396.5,1150
1.6 BlueHDi 75 Active,146.0,173.9,396.5,1150
1.6 BlueHDi 75 Style,146.0,173.9,397.3,1150
1.6 BlueHDi 75 Very Low Consumption,146.0,173.9,396.2,1145
1.6 THP 165,146.0,173.9,396.2,1215
3-door Access 1.0 VTi 68,146.0,173.9,396.2,1050
3-door Access 1.2 VTi 82,146.0,173.9,396.2,1050
3-door Access 1.4 HDi 68,146.0,173.9,396.2,1125
3-door Active 1.0 PureTech 68,146.0,173.9,396.2,1050
3-door Active 1.0 VTi 68,146.0,173.9,396.2,1050
3-door Active 1.2 VTi 82,146.0,173.9,396.2,1050
3-door Active 1.4 e-HDi 68 CMP Blue Lion,146.0,173.9,396.2,1135
3-door Active 1.4 HDi 68,146.0,173.9,396.2,1125
3-door Active 1.4 VTi 95,146.0,173.9,396.2,1145
3-door Active 1.6 e-HDi 92 CMP,146.0,173.9,396.2,1165
3-door Active 1.6 e-HDi 92,146.0,173.9,396.2,1155
3-door Allure 1.2 VTi 82,146.0,173.9,396.2,1050
3-door Allure 1.4 HDi 68,146.0,173.9,396.2,1125
3-door Allure 1.4 VTi 95,146.0,173.9,396.2,1145
3-door Allure 1.6 BlueHDi 120,146.0,173.9,396.2,1190
3-door Allure 1.6 e-HDi 115,146.0,173.9,396.2,1165
3-door Allure 1.6 e-HDi 92 CMP,146.0,173.9,396.2,1165
3-door Allure 1.6 e-HDi 92,146.0,173.9,396.2,1155
3-door Allure 1.6 THP 155,146.0,173.9,396.2,1165
3-door Allure 1.6 VTi 120,146.0,173.9,396.2,1165
3-door GTi 1.6 THP 200,146.0,173.9,396.2,
3-door GTi 30 Aniverssary,145.0,173.9,396.2,1260
3-door Ice Velvet 1.6 e-HDi 115,146.0,173.9,396.2,1165
3-door Like 1.0 VTi 68 Pure Tech,146.0,173.9,396.2,1050
3-door Like 1.4 HDi 68,146.0,173.9,396.2,1125
3-door Urban Soul 1.2 VTi 82,146.0,173.9,396.2,1050
3-door Urban Soul 1.6 e-HDi 92,146.0,173.9,396.2,1155
3-door XY 1.6 e-HDi 115,146.0,173.9,396.2,
3-door XY 1.6 e-HDi 92 CMP6,146.0,173.9,396.2,
3-door XY 1.6 e-HDi 92,146.0,173.9,396.2,
3-door XY 1.6 THP 155,146.0,173.9,396.2,
3-door XY 1.6 VTi 120,146.0,173.9,396.2,
5-door Access 1.0 VTi 68,146.0,173.9,396.2,
5-door Access 1.2 VTi 82,146.0,173.9,396.2,
5-door Access 1.4 HDi 68,146.0,173.9,396.2,
5-door Active 1.0 VTi 68,146.0,173.9,396.2,
5-door Active 1.2 VTi 82,146.0,173.9,396.2,
5-door Active 1.4 e-HDi 68 CMP Blue Lion,146.0,173.9,396.2,
5-door Active 1.4 HDi 68,146.0,173.9,396.2,
5-door Active 1.4 VTi 95,146.0,173.9,396.2,
5-door Active 1.6 e-HDi 92 CMP,146.0,173.9,396.2,
5-door Active 1.6 e-HDi 92,146.0,173.9,396.2,1155
5-door Allure 1.2 VTi 82,146.0,173.9,396.2,
5-door Allure 1.4 HDi 68,146.0,173.9,396.2,
5-door Allure 1.4 VTi 95,146.0,173.9,396.2,
5-door Allure 1.6 BlueHDi 120,146.0,173.9,396.2,1190
5-door Allure 1.6 e-HDi 115,146.0,173.9,396.2,
5-door Allure 1.6 VTi 120,146.0,173.9,396.2,1165
5-door Intuitive 1.2 VTi 82,146.0,173.9,396.2,1050
5-door Like 1.0 VTi 68 Pure Tech,146.0,173.9,396.2,1050
5-door Roland Garros 1.2 VTi 82,146.0,173.9,396.2,1050
5-door Urban Soul 1.2 VTi 82,146.0,173.9,396.2,1050
Active 1.2 VTi 82 ETG5,146.0,173.9,396.2,1055
e-208 EV 50kWh 136,143,174.5,405.5,1560
GTi,146.0,173.9,397.3,1235
GTi by Peugeot Sport,146.0,173.9,396.2,1235
2L Turbo,138.5,171.4,449.8,1190
GTX-TI-TXE,142,172,446,1130
TD/GTD 67,142.0,172.0,446.0,1075
TD/GTD 74,142.0,173.0,453.0,1108
TL,141.5,170.5,446,955
TS-GTS-TSE-RS,142,172,446,970
Turbo D,142.0,172.0,446.0,1123
2L Turbo Quadra,138.0,172.0,451.0,1338
2L Turbo,138.5,171.4,449.8,1190
GTS-TSE,142,173,453,1025
SD 1.9D,139.0,173.0,453.0,1026
TD/GTD 74,142.0,173.0,453.0,1108
Turbo D,142.0,173.0,453.0,1150
TXI,139,172,453,1155
Ferrari 212,108.3,155.9,371.5,923
Export,,,,850
Inter,,,,1000
S V12,,,,850
Sport Spider,,,,
B,144,169,472,1210
Ti-4,136,169,472,1319
TI,144,169,472,1230
2.0,143.0,171.0,478.0,1222
2.3,143.0,172.0,478.0,1274
D6,143.0,172.0,478.0,1335
Turbo,143.0,171.0,479.0,1289
2.0 TS - GTS,140,177,462,1120
2.2 GTX,140,177,462,1185
2.2 TXE,142.0,181.0,471.0,1214
2.7 V6 Injection,140,177,464,1280
2.8 V6 Injection 152,141.0,181.0,471.0,1304
2.8 V6 Injection 160,142.0,181.0,471.0,1301
2.0 TI/TXI,142.0,181.0,471.0,1240
TD/GTD,142.0,181.0,471.0,1186
Turbo-D - Turbo-DX,140,177,464,1230
V6 Turbo,141.0,181.0,471.0,1410
TD - GTD,140,177,462,1180
V6 Turbo,140.0,177.0,462.0,1326
Europa,,,,1000
Export,,,,800
GT Berlinetta Lusso,129,165.1,441,1020
GT Berlinetta,129,175.3,440.7,
GT Coupe Speciale,139.7,165.1,439.4,1315
GT Series I Cabriolet,139.7,165.1,439.4,1225
GT SWB VMax,127,160,431.8,957
GT SWB,127,160,431.8,957
GT,134.6,170.2,470,1277
GTO,113.8,175,430,878
LM,111.5,170,409,850
MM,120,165,425,900
Testa Rossa,101.3,154.9,417.8,800
Renault 26.8HP,,,,
Limousine,,,,
Alfa Romeo 2600 Berlina,140,170.2,472.5,1380
L,153,178,473,1425
Coupe,136,170.7,487.9,1450
GTB,124.5,172.5,432.5,1098
GTS,125,167.5,435,1152
GTO,112,191,429,1160
6 Charleston,160.0,148.0,383.0,560
6 Club,160.0,148.0,383.0,560
6 Special,160,148,383,585
1.4,146.5,175.5,441.5,1240
1.6 CRTD,146.5,175.5,441.5,1325
1.6,146.5,175.5,441.5,1240
2.0 CRTD,146.0,176.0,449.0,1370
2.0 e-SkyActiv G 150 Auto,144.0,179.5,446.0,1274
2.0 e-SkyActiv G 150,144.0,179.5,446.0,1249
2.0 e-SkyActiv X 186 Auto,144.0,179.5,446.0,1324
2.0 e-SkyActiv X 186,144.0,179.5,446.0,1295
2.0,146.5,175.5,441.5,1310
3 1.8 SkyActiv-D 116 Auto,144.0,179.5,446.0,1295
3 1.8 SkyActiv-D 116,144.0,179.5,446.0,1274
3 2.0 SkyActiv-G 122 Auto,144.0,179.5,446.0,1274
3 2.0 SkyActiv-G 122,144.0,179.5,446.0,1249
3 2.0 SkyActiv-X 180 Auto,144.0,179.5,446.0,1340
3 2.0 SkyActiv-X 180,144.0,179.5,446.0,1311
5p Active 1.6 105HP,,,,1245
5p Active 1.6 CRTD 109HP,,,,1320
5p Luxury 2.0 150HP Aut.,,,,1335
5p Luxury 2.0 DISI 151HP i-Stop,,,,1345
5p Luxury 2.2 CRTD 150HP,,,,1465
5p Sportive 2.0 DISI 151HP i-Stop,,,,1345
5p Sportive 2.2 CRTD 150HP,,,,1465
5p Sportive 2.2 CRTD 185HP,,,,1465
5p Style 1.6 105HP,,,,1245
5p Style 1.6 CRTD 109HP,,,,1320
MPS 2.3 MZR DISI Turbo,146.5,176.5,443.5,1483
MPS 5p 2.3 DISI Turbo,,,,1455
SKYACTIV-D 1.5 105HP Auto,145.0,179.5,447.0,1360
SKYACTIV-D 1.5 105HP,145.0,179.5,447.0,1335
SKYACTIV-D 2.2 150HP Auto,145.0,179.5,447.0,1410
SKYACTIV-D 2.2 150HP,145.0,179.5,447.0,1395
SKYACTIV-G 1.5 100HP,145.0,179.5,447.0,1260
SKYACTIV-G 2.0 120HP Auto,145.0,179.5,447.0,1320
SKYACTIV-G 2.0 120HP,145.0,179.5,447.0,1280
SKYACTIV-G 2.0 165HP i-ELOOP,145.0,179.5,447.0,1305
30 TS Automatic,142.2,172.7,452.1,
30 TX Automatic,143,173.2,452.1,1360
TD,143.0,173.0,450.0,1257
TS,143,173.2,452.1,1320
Turbo Diesel,143,173,452,1255
TX,143,173.2,452.1,1340
2+2,131.0,172.0,460.0,1430
Turbo 2+2,131.0,172.0,460.0,1450
Twin Turbo,126.0,180.0,452.0,1620
V8,138,175,460,
3.0 V6,128.0,184.0,457.0,1690
VR-4,124.5,183.9,460,1725
1.2 PureTech 130 Allure,162.4,184.1,444.7,1325
1.2 PureTech 130 Auto,162.4,184.1,444.7,1295
1.2 PureTech 130 EAT6 Active,162.4,184.1,444.7,1345
1.2 PureTech 130 EAT6 Allure,162.4,184.1,444.7,1345
1.2 PureTech 130 GT Line,162.4,184.1,444.7,1325
1.2 PureTech 130 S&S Access,163.9,183.7,436.5,1550
1.2 PureTech 130 S&S Allure,163.9,183.7,436.5,1550
1.2 PureTech 130 S&S Crossway,163.9,183.7,436.5,1550
1.2 PureTech 130,162.4,184.1,444.7,1295
1.5 BlueHDI 130 Auto,162.4,184.4,444.7,1405
1.5 BlueHDI 130,162.4,184.4,444.7,1392
1.6 BlueHDi 100,162.4,184.1,444.7,
1.6 BlueHDi 120 Access,163.9,183.7,436.5,1495
1.6 BlueHDi 120 Active,163.9,183.7,436.5,1495
1.6 BlueHDi 120 Allure,163.9,183.7,436.5,1495
1.6 BlueHDi 120 Crossway,163.9,183.7,436.5,1495
1.6 BlueHDi 120 EAT6 Active,162.4,184.1,444.7,1390
1.6 BlueHDi 120 EAT6 Allure,163.9,183.7,436.5,1620
1.6 BlueHDi 120 EAT6 Crossway,163.9,183.7,436.5,1620
1.6 BlueHDi 120 EAT6 GT Line,162.4,184.1,444.7,1390
1.6 BlueHDi 120 GT Line,162.4,184.1,444.7,1375
1.6 BlueHDi 120 Style,163.9,183.7,436.5,1495
1.6 e-HDi 112 FAP CMP Blue Lion Active,163.9,183.7,436.5,1498
1.6 e-HDi 115 CMP Blue Lion Active,163.9,183.7,436.5,1498
1.6 e-HDi 115 ETG6 Active,163.9,183.7,436.5,1498
1.6 HDI 110 FAP CMP Premium,,,,1500
1.6 HDI 110 FAP CMP Sport Pack,,,,1500
1.6 HDI 110 FAP Confort,,,,1500
1.6 HDI 110 FAP Premium,,,,1500
1.6 HDI 110 FAP Sport Pack,,,,1500
1.6 HDI 112 FAP Business Line,,,,1500
1.6 HDI 112 FAP CMP Premium,,,,1500
1.6 HDI 112 FAP CMP Sport Pack,,,,1500
1.6 HDI 112 FAP Confort,,,,1500
1.6 HDI 112 FAP Premium,,,,1500
1.6 HDI 112 FAP Sport Pack,,,,1500
1.6 HDi 115 Access,163.9,183.7,436.5,1500
1.6 HDi 115 Active,163.9,183.7,436.5,1500
1.6 HDi 115 Napapijri,163.9,183.7,436.5,1496
1.6 HDi FAP Access,163.9,183.7,436.5,1496
1.6 PureTech 180,162.4,184.4,444.7,1405
1.6 THP 155 Napapijri,163.9,183.7,436.5,1534
1.6 THP 156 Active,163.9,183.7,436.5,1534
1.6 THP 156 Aut. Sport Pack,,,,
1.6 THP 156 Premium,,,,1539
1.6 THP 156 Sport Pack,,,,1539
1.6 THP 165 Auto,162.4,184.1,444.7,1375
1.6 THP 165 S&S EAT6 Allure,163.9,183.7,436.5,1600
1.6 VTi 120 Access,163.9,183.7,436.5,1474
1.6 VTi 120 Active,163.9,183.7,436.5,1474
1.6 VTi 120 Confort,,,,1474
1.6 VTi 120 Premium,,,,1474
1.6 VTi 120 Sport Pack,,,,1474
2.0 BlueHDi 150 Active,162.4,184.1,444.7,1500
2.0 BlueHDi 150 Allure,163.9,183.7,436.5,1605
2.0 BlueHDi 150 Crossway,163.9,183.7,436.5,1680
2.0 BlueHDi 150 GT Line,162.4,184.1,444.7,1500
2.0 BlueHDi 150 Style,163.9,183.7,436.5,1605
2.0 BlueHDi 150,163.9,183.7,436.5,1680
2.0 BlueHDi 180 EAT6 GT,162.4,184.1,444.7,1540
2.0 BlueHDI 180,162.4,184.4,444.7,1455
2.0 HDi 150 FAP Active,163.9,183.7,436.5,1604
2.0 HDi 150 FAP Allure,163.9,183.7,436.5,1604
2.0 HDI 150 FAP Business Line,,,,1604
2.0 HDI 150 FAP Premium,,,,1604
2.0 HDI 150 FAP Sport Pack,,,,1604
2.0 HDi 150 Napapijri,163.9,183.7,436.5,1604
2.0 HDi 163 FAP Aut. Premium,163.9,183.7,436.5,1614
2.0 HDi 163 FAP Aut. Sport Pack,163.9,183.7,436.5,1614
Blue Lease Premium 1.2 PureTech 130 EAT8,162.4,184.4,444.7,1295
Crossway 1.2 PureTech 130 EAT8,162.4,184.4,444.7,1295
Crossway 1.2 PureTech 130,162.4,184.4,444.7,1229
GT-line 1.2 PureTech 130 EAT8,162.4,184.4,444.7,1295
HYbrid 225,162.4,184.4,444.7,1725
Hybrid4 2.0 HDi,163.9,183.7,436.5,1735
HYbrid4 300 3.7kW Charger,162.4,184.1,444.7,1815
HYbrid4 300 7.4kW Charger,162.4,184.1,444.7,1815
HYbrid4 300,162.4,184.1,444.7,1815
2.7 V6,148.3,188.1,499.9,1810
3.0 V6 CRD Executive,147.5,188.0,501.5,1910
3.0 V6 CRD SRT,147.5,188.0,501.5,1910
3.0 V6 CRD,147.5,188.0,501.5,1910
3.5 V6,148.3,188.1,499.9,1821
5.7 Hemi V8,148.3,188.1,499.9,1915
6.1 SRT8,147.1,188.1,499.9,1963
2.7,141.6,192.0,500.0,1645
3.5,141.6,192.0,500.0,1660
Saloon,155,144,390,820
1.3 S Coupe,132,157,376,930
1.3 S,141,157,414,930
1.3,141,157,414,930
GLD,141,157,414,935
1.3 GL - GR,141,163,426.3,925
1.5 GL - GR - SR,141,163,426.3,925
1.5 GR - SR,140.0,163.0,424.0,950
1.5 S,140.0,163.0,424.0,958
1.6 Auto,,,,994
1.6 GR - SR,,,,945
1.3,142.0,163.0,426.0,964
1.5 GR - SR,142.0,163.0,426.0,966
1.5,143.0,163.0,428.0,980
1.6,143.0,163.0,428.0,974
D,143.0,163.0,428.0,1033
GT,143.0,164.0,428.0,
GLD - GRD - SRD,141,163,426.3,985
GT,141,163,426.3,975
GTX 1.9,140,164.0,426.0,968
1.1i,138.0,169.0,400.0,970
1.4,135.0,168.0,403.0,985
1.4i,138.0,169.0,400.0,1002
1.6,136.0,168.0,403.0,1045
1.6i,138.0,169.0,400.0,1011
1.8 16v,137.0,168.0,403.0,1070
1.8i,138.0,169.0,400.0,1041
1.9 dt,137.0,168.0,403.0,1110
1.9d,136.0,168.0,403.0,1055
1.8 16v,145.0,168.0,434.0,1175
1.8,145.0,168.0,434.0,1160
1.8i 16v,145.0,168.0,434.0,1175
1.9 d,141.0,168.0,434.0,1115
1.9 dt,144.0,168.0,434.0,1175
2.0 16v,145.0,168.0,434.0,1180
2.0 HDI,141.0,168.0,434.0,1175
1.8i,136.0,169.0,414.0,1140
2.0 16v,136.0,169.0,418.0,1245
2.0i,136.0,169.0,414.0,1208
GTI,135.4,168.0,403.0,1215
S16,136.0,169.0,400.0,1110
1.6 Aut.,138.6,168.9,426.5,1205
1.6,138.6,168.9,426.5,1175
1.8 16v,138.6,168.9,426.5,1205
1.9 D,138.6,168.9,426.5,1185
2.0 HDI,138.6,168.9,426.5,1240
XSi 2.0 16v,135.0,168.0,403.0,1135
XSi,137.0,169.0,400.0,1101
1.4 HDi 70,151.4,174.6,420.2,1179
1.4i 16v,151.0,174.6,421.2,1249
1.6 HDi 110,151.0,174.6,421.2,1336
1.6 HDi 90,151.0,174.6,421.2,1337
1.6i 16v,151.0,174.6,421.2,1279
2.0 16v GT 180,151.0,174.6,421.2,1361
2.0 HDi 136,151.0,174.6,421.2,1427
2.0i,151.0,174.6,421.2,1332
1.6i,142.4,175.9,436.0,1453
2.0 HDi 136,142.4,175.9,436.0,1578
2.0i 16v 180,142.4,175.9,436.0,1513
2.0i 16v,142.4,175.9,436.0,1498
1.6 16V Auto,157.0,174.6,442.2,1360
1.6 16V Clim Plus,157.0,174.6,442.2,1324
1.6 16V D-SIGN,158.0,176.2,442.8,1360
1.6 16V Port Aventura,157.0,174.6,442.2,1324
1.6 16V,157.0,174.6,442.2,1324
1.6 HDi 110 Clim Plus,157.0,174.6,442.2,
1.6 HDI 110 FAP D-SIGN,158.0,176.2,442.8,1408
1.6 HDI 110 FAP Pack+,158.0,176.2,442.8,1408
1.6 HDI 110 FAP Pack,158.0,176.2,442.8,1408
1.6 HDI 110 FAP XSI,158.0,176.2,442.8,1408
1.6 HDi 110 Pack,157.0,174.6,442.2,1391
1.6 HDi 110 Port Aventura,157.0,174.6,442.2,1391
1.6 HDI 90 D-SIGN,158.0,176.2,442.8,1384
1.6 HDI 90 Pack+,158.0,176.2,442.8,1384
1.6 HDI 90 Pack,158.0,176.2,442.8,1384
1.6 HDi 90 Port Aventura,157.0,174.6,442.2,1390
2.0 16V Auto Pack+,158.0,176.2,442.8,1418
2.0 16V Auto Pack,158.0,176.2,442.8,1418
2.0 16V Auto,157.0,174.6,442.2,1391
2.0 16V Pack+,158.0,176.2,442.8,1391
2.0 16V Pack,158.0,176.2,442.8,1391
2.0 16V XSI,158.0,176.2,442.8,1391
2.0 16V,157.0,174.6,442.2,1355
2.0 HDi 110 FAP+ESP Clim,157.0,174.6,442.2,1421
2.0 HDi 110 FAP+ESP Pack,157.0,174.6,442.2,1421
2.0 HDi 110 FAP+ESP,157.0,174.6,442.2,1421
2.0 HDi 136 FAP+ESP,157.0,174.6,442.2,1472
2.0 HDI 136 FAP Auto Pack+,158.0,176.2,442.8,1606
2.0 HDI 136 FAP Pack+,158.0,176.2,442.8,1500
2.0 HDI 136 FAP Pack,158.0,176.2,442.8,1500
2.0 HDI 136 FAP XSI,158.0,176.2,442.8,1500
2.0 HDi 136 Pack,157.0,174.6,442.2,1492
2.0 HDi 90 Clim Plus,157.0,174.6,442.2,1390
2.0 HDi 90 Pack,157.0,174.6,442.2,1390
2.0 HDi 90 Port Aventura,157.0,174.6,442.2,1390
2.0 HDi 90,157.0,174.6,442.2,1390
1.2 e-THP 130HP PureTech Access,145.7,180.4,425.3,1165
1.2 e-THP 130HP PureTech Active,145.7,180.4,425.3,1165
1.2 e-THP 130HP PureTech Allure,145.7,180.4,425.3,1165
1.2 PureTech 110 S&S Access,145.7,180.4,425.3,1155
1.2 PureTech 110 S&S Active,145.7,180.4,425.3,1155
1.2 PureTech 110 S&S Allure,145.7,180.4,425.3,1155
1.2 PureTech 110 S&S Style,145.7,180.4,425.3,1155
1.2 PureTech 110,144.1,185.9,436.7,1229
1.2 PureTech 130 Auto,144.1,185.9,436.7,1263
1.2 PureTech 130 EAT6,147.2,180.4,425.3,1225
1.2 PureTech 130 S&S Allure,145.7,180.4,425.3,1165
1.2 PureTech 130 S&S Auto Allure,145.7,180.4,425.3,1225
1.2 PureTech 130 S&S Auto GT Line,145.7,180.4,425.3,1225
1.2 PureTech 130 S&S Auto Style,145.7,180.4,425.3,1225
1.2 PureTech 130 S&S EAT6 Allure,145.7,180.4,425.3,1225
1.2 PureTech 130 S&S EAT6 GT Line,145.7,180.4,425.3,1225
1.2 PureTech 130 S&S EAT6 Style,145.7,180.4,425.3,1225
1.2 PureTech 130 S&S GT Line,145.7,180.4,425.3,1165
1.2 PureTech 130 S&S Style,145.7,180.4,425.3,1165
1.2 PureTech 130,144.1,185.9,436.7,1233
1.2 VTi 82HP Access,145.7,180.4,425.3,1150
1.2 VTi 82HP Active,145.7,180.4,425.3,1150
1.5 BlueHDi 130 Auto,144.1,185.9,436.7,1336
1.5 BlueHDi 130,144.1,185.9,436.7,1318
1.6 BlueHDi 100 Access,145.7,180.4,425.3,1260
1.6 BlueHDi 100 Active,145.7,180.4,425.3,1260
1.6 BlueHDi 100 Style,145.7,180.4,425.3,1260
1.6 BlueHDi 100,147.2,180.4,425.3,1235
1.6 BlueHDi 120 Allure,145.7,180.4,425.3,1260
1.6 BlueHDi 120 EAT6 Style,145.7,180.4,425.3,1255
1.6 BlueHDi 120 EAT6,147.2,180.4,425.3,1275
1.6 BlueHDi 120 Style,145.7,180.4,425.3,1260
1.6 BlueHDi 120,147.2,180.4,425.3,1255
1.6 BlueHDi 120HP Active,145.7,180.4,425.3,1260
1.6 e-HDi 115 Style,145.7,180.4,425.3,1235
1.6 e-HDi 115HP FAP Access,145.7,180.4,425.3,1235
1.6 e-HDi 115HP FAP Active,145.7,180.4,425.3,1235
1.6 e-HDi 115HP FAP Allure,145.7,180.4,425.3,1235
1.6 HDi 92 Style,145.7,180.4,425.3,1165
1.6 HDi 92HP FAP Access,145.7,180.4,425.3,1165
1.6 HDi 92HP FAP Active,145.7,180.4,425.3,1165
1.6 HDi 92HP FAP Allure,145.7,180.4,425.3,1165
1.6 THP 125HP Access,145.7,180.4,425.3,1240
1.6 THP 125HP Active,145.7,180.4,425.3,1240
1.6 THP 125HP Allure,145.7,180.4,425.3,1240
1.6 THP 155HP Active,145.7,180.4,425.3,1240
1.6 THP 155HP Allure,145.7,180.4,425.3,1240
1.6 THP 205 S&S GT,144.7,180.4,425.3,1275
2.0 BlueHDi 150 Allure,145.7,180.4,425.3,1365
2.0 BlueHDi 150 Auto Allure,145.7,180.4,425.3,1385
2.0 BlueHDi 150 EAT6,147.2,180.4,425.3,1385
2.0 BlueHDi 150 GT Line,145.7,180.4,425.3,1365
2.0 BlueHDi 150,147.2,180.4,425.3,1365
2.0 BlueHDi 150HP Allure,145.7,180.4,425.3,1365
2.0 BlueHDi 150HP Auto Allure,145.7,180.4,425.3,1385
3p Confort 1.4 VTi 95,,,,1337
3p Confort 1.6 HDi 110 FAP,,,,1387
3p Confort 1.6 HDi 90,,,,1368
3p Confort 1.6 VTi 120,,,,1352
3p GT 1.6 HDi 110 FAP 6 vel.,,,,1388
3p GT 1.6 THP 150 6 vel.,,,,1391
3p GT 2.0 HDi 140 FAP,,,,1483
3p Sport 1.4 VTi 95,,,,1337
3p Sport 1.6 HDi 110 FAP CMP,,,,1399
3p Sport 1.6 HDi 110 FAP,,,,1387
3p Sport 1.6 HDi 112 FAP CMP,,,,
3p Sport 1.6 HDi 90,,,,1368
3p Sport 1.6 VTi 120,,,,1352
3p Urban 1.4 VTi 95,,,,1337
3p Urban 1.6 HDi 90,,,,1368
5p Confort 1.4 VTi 95,,,,1346
5p Confort 1.4 VTi 98,,,,
5p Confort 1.6 HDi 110 FAP 5 vel.,,,,1395
5p Confort 1.6 HDi 110 FAP CMP,,,,1409
5p Confort 1.6 HDi 110 FAP,,,,1395
5p Confort 1.6 HDi 112 FAP CMP,,,,
5p Confort 1.6 HDi 90,,,,1378
5p Confort 1.6 VTi 120,,,,1362
5p Envy 1.4 VTi 98,,,,1346
5p Envy 1.6 HDi 112 FAP,,,,
5p Envy 1.6 HDi 92 FAP,,,,1378
5p Envy 1.6 VTi 120,,,,1362
5p GTi 1.6 THP 200,,,,1474
5p Premium 1.6 HDi 110 FAP 6 vel.,,,,1412
5p Premium 1.6 HDi 112 FAP,,,,
5p Premium 1.6 THP 150 6 vel.,,,,1415
5p Premium 1.6 THP 156 6 vel.,,,,
5p Premium 1.6 THP 156 Aut,,,,1443
5p Premium 1.6 THP 156,,,,1400
5p Premium 1.6 VTi 120,,,,1362
5p Premium 2.0 HDi 136 FAP Aut.,,,,1522
5p Premium 2.0 HDi 140 FAP,,,,1496
5p Premium 2.0 HDi 163 FAP Aut,,,,
5p Sport 1.4 VTi 95,,,,1346
5p Sport 1.4 VTi 98,,,,
5p Sport 1.6 HDi 110 FAP 5 vel.,,,,1395
5p Sport 1.6 HDi 110 FAP CMP,,,,1409
5p Sport 1.6 HDi 110 FAP,,,,1395
5p Sport 1.6 HDi 112 FAP CMP,,,,
5p Sport 1.6 HDi 90,,,,1378
5p Sport 1.6 VTi 120 Aut.,,,,1387
5p Sport 1.6 VTi 120,,,,1362
5p Sportium 1.6 THP 156,,,,
5p Sportium 1.6 VTi 120,,,,1362
BlueHDi 120 EAT6 Style,145.7,180.4,425.3,1255
BlueHDi 180 EAT6 GT,144.7,180.4,425.3,1395
CC 1.6 VTi 120,,,,1555
CC Sport 1.6 THP 156,,,,1587
CC Sport 1.6 VTi 120,,,,1555
CC Sport Pack 1.6 THP 156 Aut.,,,,1598
CC Sport Pack 1.6 THP 156,,,,1587
CC Sport Pack 1.6 THP 200,,,,1610
GT 1.6 e-THP 225,145.7,180.4,425.3,1179
GT 1.6 THP 205,147.2,180.4,425.3,1275
GT 2.0 BlueHDi 180,145.7,180.4,425.3,1295
GT HYbrid 225,144.1,185.9,436.7,1608
GTi 1.6 e-THP 263,145.7,180.4,425.3,1190
GTi 1.6 THP 270,145.7,180.4,425.3,1280
GTi 250,144.6,180.4,425.3,
GTi 270,144.6,180.4,425.3,
HYbrid 180,144.1,185.9,436.7,1578
SW Confort 1.6 VTi 120,,,,1515
SW Envy 1.6 VTi 120,,,,1515
SW Premium 1.6 THP 140 Aut.,,,,1577
SW Premium 1.6 THP 150,,,,1561
SW Premium 1.6 THP 156 Aut.,,,,
SW Premium 1.6 THP 156,,,,
SW Premium 1.6 VTi 120,,,,1515
SW Sport 1.6 VTi 120 Aut.,,,,1541
SW Sport 1.6 VTi 120,,,,1515
SW Sportium 1.6 THP 156,,,,
SW Sportium 1.6 VTi 120,,,,1515
1.8 TFSI Ultra 190HP S-tronic 7 Speeds,145.5,187.4,493.3,1645
2.0 TDI Ultra 150HP S-tronic 7 Speeds,145.5,187.4,493.3,1735
2.0 TDI Ultra 150HP,145.5,187.4,493.3,1700
2.0 TDI ultra 190HP Quattro S-tronic 7 Speeds,145.5,187.4,493.3,1820
2.0 TDI Ultra 190HP S-tronic 7 Speeds,145.5,187.4,493.3,1735
2.0 TDI Ultra 190HP,145.5,187.4,493.3,1700
2.0 TFSI 252HP Quattro S-tronic 7 Speeds,145.5,187.4,493.3,1735
2.0 TFSI 252HP S-tronic 7 Speeds,145.5,187.4,493.3,1670
3.0 Bi TDI 320HP Quattro Tiptronic 8 Speeds Competition,145.5,187.4,493.3,1940
3.0 Bi TDI 320HP Quattro Tiptronic 8 Speeds,145.5,187.4,493.3,1910
3.0 TDI 218HP Quattro S-tronic 7 Speeds,145.5,187.4,493.3,1840
3.0 TDI 218HP S-tronic 7 Speeds,145.5,187.4,493.3,1770
3.0 TDI 272HP Quattro S-tronic 7 Speeds,145.5,187.4,493.3,1845
3.0 TFSI 333HP Quattro S-tronic 7 Speeds,145.5,187.4,493.3,1825
S6 4.0 TFSI 450HP Quattro S-tronic 7 Speeds,143.0,187.4,493.1,1970
180 7G-DCT,143.2,177.7,464.0,1430
180 d,143.2,177.7,463.0,
180,143.2,177.7,463.0,
200 7G-DCT,143.2,177.7,464.0,1430
200 d 7G-DCT,143.2,177.7,464.0,1525
200 d,143.2,177.7,463.0,
200,143.2,177.7,463.0,
220 d 4MATIC 7G-DCT,143.2,177.7,464.0,1580
220 d 7G-DCT,143.2,177.7,463.0,
250 4MATIC 7G-DCT,143.2,177.7,463.0,
AMG 45 4MATIC,141.6,177.7,469.1,
2.7L EcoBoost V6 4x2 5.5 ft. SuperCrew,192,202.9,589,2070
2.7L EcoBoost V6 4x2 6.5 ft. Regular,191.8,202.9,531.6,1891
2.7L EcoBoost V6 4x2 6.5 ft. SuperCab,191.8,202.9,589.0,
2.7L EcoBoost V6 4x2 6.5 ft. SuperCrew,192.3,202.9,619,2087
2.7L EcoBoost V6 4x2 8 ft. Regular,190.8,202.9,578.9,1931
2.7L EcoBoost V6 4x2 8 ft. SuperCab,191.8,202.9,636.3,2059
2.7L EcoBoost V6 4x4 5.5 ft. SuperCrew,196.1,202.9,589,2070
2.7L EcoBoost V6 4x4 6.5 ft. Regular,191.8,202.9,531.6,2007
2.7L EcoBoost V6 4x4 6.5 ft. SuperCab,196.1,202.9,589.0,
2.7L EcoBoost V6 4x4 8 ft. Regular,190.8,202.9,578.9,
3.5L EcoBoost V6 4x2 5.5 ft. SuperCrew,192,202.9,589,2122
3.5L EcoBoost V6 4x2 6.5 ft. SuperCab,191.8,202.9,589,2073
3.5L EcoBoost V6 4x2 6.5 ft. SuperCrew,192.3,202.9,619,2142
3.5L EcoBoost V6 4x2 8 ft. Regular,190.8,202.9,578.9,
3.5L EcoBoost V6 4x2 8 ft. SuperCab,191.8,202.9,636.3,2133
3.5L EcoBoost V6 4x4 5.5 ft. SuperCrew,192,202.9,589,2530
3.5L EcoBoost V6 4x4 6.5 ft. SuperCab,191.8,202.9,589,
3.5L EcoBoost V6 4x4 6.5 ft. SuperCrew,192.3,202.9,619,
3.5L EcoBoost V6 4x4 8 ft. Regular,190.8,202.9,578.9,
3.5L EcoBoost V6 4x4 8 ft. SuperCab,195.6,202.9,636.3,
3.5L Ti-VCT V6 4x2 5.5 ft. SuperCrew,192,202.9,589,2028
3.5L Ti-VCT V6 4x2 6.5 ft. Regular,192,203,532,1837
3.5L Ti-VCT V6 4x2 6.5 ft. SuperCab,191.8,202.9,589,1983
3.5L Ti-VCT V6 4x2 8 ft. Regular,190.8,202.9,578.9,1884
3.5L TI-VCT V6 4x2 Regular 6.5ft,191.8,202.9,531.62,1955
3.5L TI-VCT V6 4x2 Regular 8ft,190.75,202.9,578.87,1884
3.5L Ti-VCT V6 4x4 5.5 ft. SuperCrew,196.1,202.9,589,
3.5L Ti-VCT V6 4x4 6.5 ft. Regular,191.8,202.9,531.6,1955
3.5L Ti-VCT V6 4x4 6.5 ft. SuperCab,191.8,202.9,589,
3.5L Ti-VCT V6 4x4 8 ft. Regular,190.8,202.9,578.9,1884
3.5L TI-VCT V6 4x4 Regular 6.5ft,191.8,202.9,531.62,1955
3.5L TI-VCT V6 4x4 Regular 8ft,190.8,202.9,578.87,1884
 3.7L V6 4V Ti-VCT 4x2 6.5ft box Regular Cab,190,201.2,541.5,2125
 3.7L V6 4V Ti-VCT 4x2 6.5ft box SuperCab,191,201.2,589,2287
 3.7L V6 4V Ti-VCT 4x2 8ft box Regular Cab,190.5,201.2,589,2161
 3.7L V6 4V Ti-VCT 4x4 6.5ft box Regular Cab,193,201.2,541.5,2234
 3.7L V6 4V Ti-VCT 4x4 8ft box Regular Cab,193,201.2,589,2265
 4.6L V8 2V 4x2 5.5ft box SuperCab,189,200.4,558.5,2245
4.6L V8 2V 4x2 6.5 ft. Regular,189,200,541,2135
 4.6L V8 2V 4x2 6.5ft box SuperCab,181.6,200.4,558.5,2282
4.6L V8 2V 4x2 8 ft. Regular Cab,193.5,200.4,588.5,2180
 4.6L V8 2V 4x4 5.5ft box SuperCab,193.8,200.4,558.5,2366
 4.6L V8 2V 4x4 6.5ft box Regular Cab,193,200.4,541.3,2238
 4.6L V8 2V 4x4 6.5ft box SuperCab,192.8,200.4,558.5,2426
 4.6L V8 2V 4x4 8ft box Regular Cab,193.5,200.4,588.5,2293
 4.6L V8 3V 4x2 5.5ft box SuperCab,189,200.4,558.5,2271
 4.6L V8 3V 4x2 6.5ft box SuperCab,181.6,200.4,558.5,2309
 4.6L V8 3V 4x2 8ft box Regular Cab,193.5,200.4,588.5,2208
 4.6L V8 3V 4x4 5.5ft box SuperCab,193.8,200.4,558.5,2389
 4.6L V8 3V 4x4 6.5ft box Regular Cab,193,200.4,541.3,2261
 4.6L V8 3V 4x4 6.5ft box SuperCab,192.8,200.4,558.5,2448
 4.6L V8 3V 4x4 8ft box Regular Cab,193.5,200.4,588.5,2316
5.0L V8 4x2 5.5 ft. SuperCrew,192,202.9,589,2097
5.0L V8 4x2 6.5 ft. Regular,191.8,202.9,531.6,1970
5.0L V8 4x2 6.5 ft. SuperCab,191.8,202.9,589,2051
5.0L V8 4x2 6.5 ft. SuperCrew,192.3,202.9,619,2116
5.0L V8 4x2 8 ft. Regular,191,203,578.9,1970
5.0L V8 4x2 8 ft. SuperCab,191.8,202.9,636.3,2160
5.0L V8 4x4 5.5 ft. SuperCrew,192,202.9,589,
5.0L V8 4x4 6.5 ft. Regular,192,203,532,1916
5.0L V8 4x4 6.5 ft. SuperCab,191.8,202.9,589,
5.0L V8 4x4 6.5 ft. SuperCrew,192.3,202.9,619,
5.0L V8 4x4 8 ft. Regular,191,203,578.9,
5.0L V8 4x4 8 ft. SuperCab,195.6,202.9,636.3,
 5.4L V8 3V 4x2 5.5ft box SuperCab,189,200.4,558.5,2325
 5.4L V8 3V 4x2 6.5ft box SuperCab,181.6,200.4,558.5,2347
 5.4L V8 3V 4x2 8ft box LWB SuperCab,192.8,200.4,635.8,2492
 5.4L V8 3V 4x2 8ft box Regular Cab,193.5,200.4,588.5,2245
 5.4L V8 3V 4x4 5.5ft box SuperCab,193.8,200.4,558.5,2452
 5.4L V8 3V 4x4 6.5ft box Regular Cab,193,200.4,541.3,2298
 5.4L V8 3V 4x4 6.5ft box SuperCab,192.8,200.4,558.5,2475
 5.4L V8 3V 4x4 8ft box LWB SuperCab,194.8,200.4,635.8,2492
 5.4L V8 3V 4x4 8ft box Regular Cab,193.5,200.4,588.5,2356
560,142.0,189.9,503.2,2050
63 AMG 4MATIC,142.0,189.9,505.1,2085
65 AMG,142.0,189.9,505.1,2155
