verzija,leto
T8R,2020
T8R,2021
1.1 ate97,1995
1.1 ate97,1996
1.1 ate97,1997
1.1,1990
1.1,1991
1.1,1992
1.1,1993
1.1,1994
1.1,1995
1.4 GTi 16v MPI,1991
1.4 GTi 16v MPI,1992
1.4 GTi 16v MPI,1993
1.4 GTi 16v MPI,1994
1.4 GTi 16v MPI,1995
1.4 GTi 16v,1990
1.4 GTi 16v,1991
1.4,1995
1.4,1996
1.4D,1994
1.4D,1995
1.6,1991
1.6,1992
1.6,1993
1.6,1994
1.8 75,1982
1.8 75,1983
1.8 75,1984
1.8 75,1985
1.8 75,1986
1.8 90,1982
1.8 90,1983
1.8 90,1984
1.8 90,1985
1.8 90,1986
1.8,1986
1.8,1987
1.8,1988
1.9,1982
1.9,1983
1.9,1984
2.0 16v,1992
2.0 16v,1993
2.0 16v,1994
2.0 D,1988
2.0 D,1989
2.0 E 100,1991
2.0 E 100,1992
2.0 E 100,1993
2.0 E 100,1994
2.0 E,1988
2.0 E,1989
2.0 E,1990
2.0 E,1991
2.0 TD,1988
2.0 TD,1989
2.0,1984
2.0,1985
2.0,1986
2.0E 116,1992
2.0E 116,1993
2.0E 116,1994
2.1,1982
2.1,1983
2.1,1984
2.2 Quattro,1984
2.2 Quattro,1985
2.2 Quattro,1986
2.2 Sport quattro,1990
2.2 Sport quattro,1991
2.2 Turbo Quattro,1989
2.2 Turbo Quattro,1990
2.2 Turbo Quattro,1991
2.2 Turbo,1989
2.2 Turbo,1990
2.2 Turbo,1991
2.2,1982
2.2,1983
2.2,1984
2.2,1985
2.2,1986
2.3 E Quattro,1991
2.3 E Quattro,1992
2.3 E,1991
2.3 E,1992
2.3 E,1993
2.3 E,1994
2.3 Quattro,1986
2.3 Quattro,1987
2.3 Quattro,1988
2.4 D,1991
2.4 D,1992
2.4 D,1993
2.4 D,1994
2.5 TDI,1991
2.5 TDI,1992
2.5 TDI,1993
2.5 TDI,1994
2.6 E Quattro,1992
2.6 E Quattro,1993
2.6 E Quattro,1994
2.6 E,1992
2.6 E,1993
2.6 E,1994
2.8 E Quattro Automatic,1991
2.8 E Quattro Automatic,1992
2.8 E Quattro Automatic,1993
2.8 E Quattro Automatic,1994
2.8 E Quattro,1991
2.8 E Quattro,1992
2.8 E Quattro,1993
2.8 E Quattro,1994
2.8 E,1991
2.8 E,1992
2.8 E,1993
2.8 E,1994
5E,1977
5E,1978
5E,1979
5E,1980
5E,1981
5E,1982
1.1,1995
1.1,1996
1.8,1972
1.8,1973
1.8,1974
1.8,1975
1.8,1976
1.6,1993
1.6,1994
1.6,1995
1.6,1996
2.0 GTi,1991
2.0 GTi,1992
2.0 GTi,1993
S4 4.2,1993
S4 4.2,1994
S4,1991
S4,1992
S4,1993
S4,1994
1.4 HDi,2005
1.4i 16v,2005
1.4i,2005
1.6i,2005
1.0,1979
1.0,1980
1.0,1981
1.0,1982
1.0,1983
Z,1981
ZS,1982
1050,1976
1.0 XN,1996
1.0 XN,1997
1.0 XN,1998
1.0 XN,1999
1.0 XN,2000
1.0i XN,1992
1.0i XN,1993
1.0i XN,1994
1.0i XN,1995
1.0i XN,1996
1.1 XR - XT,1996
1.1 XR - XT,1997
1.1 XR - XT,1998
1.1 XR - XT,1999
1.1 XR - XT,2000
1.1 XR - XT,2001
1.1i XR - XT,1991
1.1i XR - XT,1992
1.1i XR - XT,1993
1.1i XR - XT,1994
1.1i XR - XT,1995
1.1i XR - XT,1996
1.4 D XN - XR,1993
1.4 D XN - XR,1994
1.4 XR - XT,2001
1.4 XR - XT,2002
1.4 XR - XT,2003
1.4i XR - XT - XS,1991
1.4i XR - XT - XS,1992
1.4i XR - XT - XS,1993
1.4i XR - XT - XS,1994
1.4i XR - XT - XS,1995
1.4i XR - XT - XS,1996
1.5 D XR,1996
1.5 D XR,1997
1.5 D XR,1998
1.5 D XR,1999
1.5 D XR,2000
1.5 D XR,2001
1.6 XS,1996
1.6 XS,1997
1.6 XS,1998
1.6i XT - XS,1994
1.6i XT - XS,1995
1.6i XT - XS,1996
GTI 1.6 16v,1996
GTI 1.6 16v,1997
GTI 1.6 16v,1998
GTI 1.6 16v,1999
GTI 1.6 16v,2000
GTI 1.6 16v,2001
GTI 1.6 16v,2002
GTI 1.6 16v,2003
Rallye 1.3i,1993
Rallye 1.3i,1994
Rallye 1.3i,1995
Rallye 1.3i,1996
Rallye 1.6,1996
Rallye 1.6,1997
Rallye 1.6,1998
XSi 1.6,1994
XSi 1.6,1995
XSi 1.6,1996
XSi,1991
XSi,1992
XSi,1993
XSi,1994
1.0i,2005
1.4 HDi,2005
3doors Active 1.0 68HP,2012
3doors Envy 1.0 68HP,2012
3doors Trendy 1.0 68HP,2010
3doors Urban 1.0 68HP,2010
5doors Active 1.0 68HP 2Tronic,2012
5doors Active 1.0 68HP,2012
5doors Envy 1.0 68HP,2012
5doors Trendy 1.0 68HP 2-Tronic,2010
5doors Trendy 1.0 68HP,2010
5doors Trendy 1.4 HDi 54HP,2010
5doors Urban 1.0 68HP,2010
3-door 1.0 e-VTi 72,2018
3-door 1.0 e-VTi 72,2019
3-door 1.0 e-VTi 72,2020
3-door 1.0 e-VTi 72,2021
3-doors 1.0 68HP,2014
3-doors 1.0 68HP,2015
3-doors 1.0 68HP,2016
3-doors 1.0 68HP,2017
3-doors 1.0 68HP,2018
3-doors 1.0 VTi 68 ETG5,2014
3-doors 1.0 VTi 68 ETG5,2015
3-doors 1.0 VTi 68 ETG5,2016
3-doors 1.0 VTi 68 ETG5,2017
3-doors 1.0 VTi 68 ETG5,2018
3-doors 1.2 PureTech 82,2014
3-doors 1.2 PureTech 82,2015
3-doors 1.2 PureTech 82,2016
3-doors 1.2 PureTech 82,2017
3-doors 1.2 PureTech 82,2018
3-doors 1.2 VTi 82,2014
3-doors 1.2 VTi 82,2015
3-doors 1.2 VTi 82,2016
3-doors 1.2 VTi 82,2017
3-doors 1.2 VTi 82,2018
3-doors e-VTi 68,2014
3-doors e-VTi 68,2015
3-doors e-VTi 68,2016
3-doors e-VTi 68,2017
3-doors e-VTi 68,2018
3-doors VTi 68 ETG5,2014
3-doors VTi 68 ETG5,2015
3-doors VTi 68 ETG5,2016
3-doors VTi 68 ETG5,2017
3-doors VTi 68 ETG5,2018
3-doors VTi 68,2014
3-doors VTi 68,2015
3-doors VTi 68,2016
3-doors VTi 68,2017
3-doors VTi 68,2018
5-door 1.0 e-VTi 72 Auto,2018
5-door 1.0 e-VTi 72 Auto,2019
5-door 1.0 e-VTi 72 Auto,2020
5-door 1.0 e-VTi 72 Auto,2021
5-door 1.0 e-VTi 72,2018
5-door 1.0 e-VTi 72,2019
5-door 1.0 e-VTi 72,2020
5-door 1.0 e-VTi 72,2021
5-doors 1.0 68HP,2014
5-doors 1.0 68HP,2015
5-doors 1.0 68HP,2016
5-doors 1.0 68HP,2017
5-doors 1.0 68HP,2018
5-doors 1.0 VTi 68 ETG5 Allure TOP!,2014
5-doors 1.0 VTi 68 ETG5 Allure TOP!,2015
5-doors 1.0 VTi 68 ETG5 Allure TOP!,2016
5-doors 1.0 VTi 68 ETG5 Allure TOP!,2017
5-doors 1.0 VTi 68 ETG5 Allure TOP!,2018
5-doors 1.2 PureTech 82 Allure TOP!,2014
5-doors 1.2 PureTech 82 Allure TOP!,2015
5-doors 1.2 PureTech 82 Allure TOP!,2016
5-doors 1.2 PureTech 82 Allure TOP!,2017
5-doors 1.2 PureTech 82 Allure TOP!,2018
5-doors 1.2 PureTech 82 Open TOP!,2015
5-doors 1.2 PureTech 82 Open TOP!,2016
5-doors 1.2 PureTech 82 Open TOP!,2017
5-doors 1.2 PureTech 82 Open TOP!,2018
5-doors 1.2 PureTech 82 Open,2015
5-doors 1.2 PureTech 82 Open,2016
5-doors 1.2 PureTech 82 Open,2017
5-doors 1.2 PureTech 82 Open,2018
5-doors 1.2 PureTech 82 Roland Garros TOP!,2015
5-doors 1.2 PureTech 82 Roland Garros TOP!,2016
5-doors 1.2 PureTech 82 Roland Garros TOP!,2017
5-doors 1.2 PureTech 82 Roland Garros TOP!,2018
5-doors 1.2 VTi 82,2014
5-doors 1.2 VTi 82,2015
5-doors 1.2 VTi 82,2016
5-doors 1.2 VTi 82,2017
5-doors 1.2 VTi 82,2018
5-doors e-VTi 68,2014
5-doors e-VTi 68,2015
5-doors e-VTi 68,2016
5-doors e-VTi 68,2017
5-doors e-VTi 68,2018
5-doors VTi 68 ETG5,2014
5-doors VTi 68 ETG5,2015
5-doors VTi 68 ETG5,2016
5-doors VTi 68 ETG5,2017
5-doors VTi 68 ETG5,2018
5-doors VTi 68,2014
5-doors VTi 68,2015
5-doors VTi 68,2016
5-doors VTi 68,2017
5-doors VTi 68,2018
TOP! 1.0 68HP,2014
TOP! 1.0 68HP,2015
TOP! 1.0 68HP,2016
TOP! 1.0 68HP,2017
TOP! 1.0 68HP,2018
2.6,1971
2.6,1972
2.6,1973
2.6,1974
2.6,1975
2.6,1976
2.6,1977
2.6,1978
2.6,1979
2.6,1980
2.6,1981
2.6,1982
2.6,1983
2.6,1984
3.5 V8,1979
3.5 V8,1980
3.5 V8,1981
3.5 V8,1982
3.5 V8,1983
3.5 V8,1984
1.4 TL/GTL,1983
1.4 TL/GTL,1984
1.4 TL/GTL,1985
1.4 TL/GTL,1986
1.4 TSE,1983
1.4 TSE,1984
GTD - TDE,1983
GTD - TDE,1984
GTD - TDE,1985
GTD - TDE,1986
GTD - TDE,1987
GTX - TXE,1983
GTX - TXE,1984
GTX - TXE,1985
GTX - TXE,1986
GTX - TXE,1987
1.2 TC,1986
1.2 TC,1987
1.2 TC,1988
1.2 TC,1989
1.4 Automatic,1986
1.4 Automatic,1987
1.4 Automatic,1988
1.4 Automatic,1989
1.4 GTL,1986
1.4 GTL,1987
1.4 GTL,1988
1.4 GTL,1989
1.4 TL,1986
1.4 TL,1987
1.4 TL,1988
1.4 TL,1989
1.7 GTE,1987
1.7 GTE,1988
1.7 GTE,1989
1.7 GTX,1986
1.7 GTX,1987
1.7 GTX,1988
1.7 GTX,1989
GTD,1986
GTD,1987
GTD,1988
GTD,1989
TL - GTL,1983
TL - GTL,1984
TL - GTL,1985
TL - GTL,1986
TL - GTL,1987
Turbo,1984
Turbo,1985
Turbo,1986
Turbo,1987
2.2 Diesel,1983
2.2 Diesel,1984
2.2 Diesel,1985
2.2 Diesel,1986
2.2 Diesel,1987
2.2 Diesel,1988
2.2 Diesel,1989
2.2 Diesel,1990
2.2,1984
2.2,1985
2.2,1986
2.2,1987
2.2,1988
2.2,1989
2.2,1990
V8,1983
V8,1984
V8,1985
V8,1986
V8,1987
V8,1988
V8,1989
V8,1990
1300 Automatic,1976
1300 Estate,1969
1300 L,1976
1300 TS,1969
1300,1969
Gordini,1970
L/LS,1983
L/LS,1984
L/LS,1985
L/LS,1986
L/LS,1987
L/LS,1988
L/LS,1989
L/LS,1990
L,1980
LS - GLS,1976
Estate,1963
Coupe,1979
Coupe,1980
Coupe,1981
1.1 5sp,1988
1.1 5sp,1989
1.1 5sp,1990
1.1 5sp,1991
1.1,1988
1.1,1989
1.1,1990
1.1,1991
1.3 Cabrio Top,1988
1.3 Cabrio Top,1989
1.3 Cabrio Top,1990
1.3 Cabrio Top,1991
1.3,1988
1.3,1989
1.3,1990
1.3,1991
1.3i Cabrio Top,1991
1.3i Cabrio Top,1992
1.3i Cabrio Top,1993
1.3i Cabrio Top,1994
1.3i Cabrio Top,1995
1.3i Cabrio Top,1996
1.3i,1991
1.3i,1992
1.3i,1993
1.3i,1994
1.3i,1995
1.3i,1996
1.25i auto,1996
1.25i auto,1997
1.25i auto,1998
1.25i auto,1999
1.25i Cabrio Top,1996
1.25i Cabrio Top,1997
1.25i Cabrio Top,1998
1.25i,2000
1.25i,2001
1.3i,2000
1.3i,2001
1.8 D,1996
1.8 D,1997
1.8 D,1998
1.8 D,1999
1.8 D,2000
1.8 TD,2000
1.8 TD,2001
B16,1957
S,1965
1200,1966
1200,1967
1200,1968
1200,1969
1200,1970
1200,1971
1200,1972
1200,1973
1200,1974
1400,1966
1400,1967
1400,1968
1400,1969
1600,1969
1600,1970
1600,1971
1600,1972
1800,1972
1800,1973
1800,1974
1800,1975
1800,1976
Special T,1973
Special T,1974
Lusso 1.4T 140HP Auto,2017
Lusso 1.4T 140HP Auto,2018
Lusso 1.4T 140HP Auto,2019
Lusso 1.4T 140HP Auto,2020
Lusso 1.4T 140HP Auto,2021
Lusso 1.4T 140HP,2016
1400,1966
1400,1967
1400,1968
1400,1969
1400,1970
1400,1971
1400,1972
1400,1973
1600,1969
1600,1970
1600,1971
1600,1972
1600,1973
1800,1972
1800,1973
1800,1974
1800,1975
1800,1976
1800,1977
2000,1981
2000,1982
2000,1983
2000,1984
2000,1985
2000i,1979
2000i,1980
2000i,1981
2000i,1982
2000i,1983
2000i,1984
2000i,1985
Abarth Rallye,1972
Abarth Rallye,1973
S,1947
650cc,1978
650cc,1979
650cc,1980
650cc,1981
650cc,1982
650cc,1983
650cc,1984
650cc,1985
650cc,1986
650cc,1987
1100SL Coupe,1971
1300SL Coupe,1971
Berlinetta,1978
CL Estate,1978
CL,1978
Estate,1969
Rally,1971
Saloon,1969
Automatic,1971
Automatic,1972
Automatic,1973
Automatic,1974
Automatic,1975
Automatic,1976
Automatic,1977
Opera,1975
Opera,1976
Opera,1977
Saloon Automatic,1971
Saloon Automatic,1972
Saloon Automatic,1973
Saloon Automatic,1974
Saloon Automatic,1975
Saloon Automatic,1976
Saloon Automatic,1977
Saloon,1969
Saloon,1970
Saloon,1971
Saloon,1972
Saloon,1973
Saloon,1974
Saloon,1975
Saloon,1976
Saloon,1977
112hp,1970
7 Custom Automatic,1970
7 Custom,1970
7 De Luxe Automatic,1970
7 De Luxe,1970
9 De Luxe,1970
94hp,1970
77 Automatic,1969
77,1969
2000,1977
2000,1978
2000,1979
2000,1980
2000,1981
2000,1982
2000,1983
2000,1984
Diesel,1977
Diesel,1978
Diesel,1979
Diesel,1980
Diesel,1981
Diesel,1982
Diesel,1983
Diesel,1984
1600 GLS,1974
1600 GLS,1975
1600 GLS,1976
1600,1973
1600,1974
1600,1975
1600,1976
1800 ES,1976
1800 ES,1977
1800,1973
1800,1974
2000 GLS Automatic,1977
2000 GLS Automatic,1978
2000 GLS Automatic,1979
2000 GLS Automatic,1980
2000 GLS Automatic,1981
2000 GLS,1977
2000 GLS,1978
2000 GLS,1979
2000 GLS,1980
2000 GLS,1981
Diesel 2000,1979
Diesel 2000,1980
Diesel 2000,1981
Diesel 2500,1979
Diesel 2500,1980
Diesel 2500,1981
1.2 TL,1979
1.2 TL,1980
1.2 TL,1981
1.2 TL,1982
1.2 TL,1983
1.4 GTL,1979
1.4 GTL,1980
1.4 GTL,1981
1.4 GTL,1982
1.4 GTL,1983
1.4 LS/TS,1979
1.4 LS/TS,1980
1.4 LS/TS,1981
1.4 LS/TS,1982
1.4 LS/TS,1983
Grand Luxe Saloon Automatic,1972
Grand Luxe Saloon,1972
S De Luxe Saloon,1972
Saloon,1972
Honda 145,1972
Honda 145 Coupe,1972
Custom,1972
1.6 TS eco,2000
1.6 TS eco,2001
1.6 TS eco,2002
1.6 TS eco,2003
1.6 TS eco,2004
1.6 TS,2000
1.6 TS,2001
1.6 TS,2002
1.6 TS,2003
1.6 TS,2004
1.9 JTD 100HP,2004
1.9 JTD 100HP,2005
1.9 JTD 115HP,2000
1.9 JTD 115HP,2001
1.9 JTD 115HP,2002
1.9 JTD 115HP,2003
1.9 JTD 115HP,2004
1.9 JTD 16v,2004
1.9 JTD 8v Mjet,2005
1.9 JTD Ducati Corse 3 doors,2007
1.9 JTD Ducati Corse 3 doors,2008
1.9 JTD Ducati Corse 3 doors,2009
1.9 JTD Ducati Corse 3 doors,2010
1.9 JTD Ducati Corse 5 doors,2007
1.9 JTD Ducati Corse 5 doors,2008
1.9 JTD Ducati Corse 5 doors,2009
1.9 JTD Ducati Corse 5 doors,2010
1.9 JTDm 16v Q2,2007
2.0 TS,2000
2.0 TS,2001
2.0 TS,2002
2.0 TS,2003
2.0 TS,2004
5p 1.6 TS 105HP Moving,2010
5p 1.9 JTD 120HP Moving,2010
GTA,2003
GTL Coupe Automatic,1975
GTL Coupe Automatic,1976
GTL Coupe Automatic,1977
GTL Coupe Automatic,1978
GTL Coupe Automatic,1979
GTL Coupe Automatic,1980
Drop-head Coupe,1937
Speed Model,1937
TL Coupe,1975
TL Coupe,1976
TL Coupe,1977
TL Coupe,1978
TL Coupe,1979
TL Coupe,1980
TS Coupe,1975
TS Coupe,1976
TS Coupe,1977
TS Coupe,1978
TS Coupe,1979
TS Coupe,1980
1.6 TS,1996
1.6 TS,1997
1.6 TS,1998
1.7 TS,1994
1.7 TS,1995
1.7 TS,1996
1.8 TS 16v,1996
1.8 TS 16v,1997
1.8 TS 16v,1998
1.8 TS,1992
1.8 TS,1993
1.8 TS,1994
1.8 TS,1995
1.8 TS,1996
2.0 16v TS,1996
2.0 16v TS,1997
2.0 Q4,1992
2.0 Q4,1993
2.0 Q4,1994
2.0 Q4,1995
2.0 TD,1994
2.0 TD,1995
2.0 TD,1996
2.0 TD,1997
2.0 TS,1992
2.0 TS,1993
2.0 TS,1994
2.0 TS,1995
2.5 TD,1994
2.5 TD,1995
2.5 TD,1996
2.5 TD,1997
2.5 TD,1998
2.5 V6,1992
2.5 V6,1993
2.5 V6,1994
2.5 V6,1995
2.5 V6,1996
2.5 V6,1997
1.6 TS,1997
1.6 TS,1998
1.6 TS,1999
1.6 TS,2000
1.6 TS,2001
1.8 TS,1997
1.8 TS,1998
1.8 TS,1999
1.8 TS,2000
1.8 TS,2001
1.9 JTD 16v,2002
1.9 JTD 16v,2003
1.9 JTD 8v,2002
1.9 JTD 8v,2003
1.9 JTD,1997
1.9 JTD,1998
1.9 JTD,1999
1.9 JTD,2000
1.9 JTD,2001
2.0 JTS,2002
2.0 JTS,2003
2.0 TS,1997
2.0 TS,1998
2.0 TS,1999
2.0 TS,2000
2.0 TS,2001
2.4 JTD 10v,2002
2.4 JTD 10v,2003
2.4 JTD 20v,2003
2.4 JTD 20v,2004
2.4 JTD 20v,2005
2.4 JTD,1997
2.5 V6,2002
2.5 V6,2003
GTA,2002
GTA,2003
GTA,2004
GTA,2005
1.8 TBi 200HP Sport Plus,2010
1.8 TBi 200HP Sport Plus,2011
1.8,2005
1.8,2006
1.8,2007
1.8,2008
1.8,2009
1.8,2010
1.8,2011
1.9 JTDm 120HP Sport ECO,2010
1.9 JTDm 120HP Sport ECO,2011
1.9 JTDm 120HP Sport Plus ECO,2010
1.9 JTDm 120HP Sport Plus ECO,2011
1.9 JTDm 16v,2005
1.9 JTDm 16v,2006
1.9 JTDm 16v,2007
1.9 JTDm 16v,2008
1.9 JTDm 16v,2009
1.9 JTDm 16v,2010
1.9 JTDm 16v,2011
1.9 JTDm 8v,2005
1.9 JTDm 8v,2006
1.9 JTDm 8v,2007
1.9 JTDm 8v,2008
1.9 JTDm 8v,2009
1.9 JTDm 8v,2010
1.9 JTDm 8v,2011
1.9 JTS,2005
1.9 JTS,2006
1.9 JTS,2007
1.9 JTS,2008
1.9 JTS,2009
1.9 JTS,2010
1.9 JTS,2011
2.0 JTDm 170HP Sport Plus ECO,2010
2.0 JTDm 170HP Sport Plus ECO,2011
2.0 JTDm 170HP Sport Plus,2010
2.0 JTDm 170HP Sport Plus,2011
2.2 JTS,2005
2.2 JTS,2006
2.2 JTS,2007
2.2 JTS,2008
2.2 JTS,2009
2.2 JTS,2010
2.2 JTS,2011
2.4 JTDm,2005
2.4 JTDm,2006
2.4 JTDm,2007
2.4 JTDm,2008
2.4 JTDm,2009
2.4 JTDm,2010
2.4 JTDm,2011
3.2 V6 JTS Q4,2005
3.2 V6 JTS Q4,2006
3.2 V6 JTS Q4,2007
3.2 V6 JTS Q4,2008
3.2 V6 JTS Q4,2009
3.2 V6 JTS Q4,2010
3.2 V6 JTS Q4,2011
SW 1.8 TBi 200HP Sport Plus,2010
SW 1.8 TBi 200HP Sport Plus,2011
SW 1.9 JTDm 120HP Sport ECO,2010
SW 1.9 JTDm 120HP Sport ECO,2011
SW 1.9 JTDm 120HP Sport Plus ECO,2010
SW 1.9 JTDm 120HP Sport Plus ECO,2011
SW 2.0 JTDm 170HP Sport Plus ECO,2010
SW 2.0 JTDm 170HP Sport Plus ECO,2011
SW 2.0 JTDm 170HP Sport Plus,2010
SW 2.0 JTDm 170HP Sport Plus,2011
L,1976
L,1977
TL,1977
TS,1968
TS,1969
TS,1970
TS,1971
TS,1972
TS,1973
TS,1974
TS,1975
TS,1976
TS,1977
TX,1976
TX,1977
TX,1978
TX,1979
TX,1980
Volvo 164,1972
E,1972
Abarth,1953
Inter,1948
MM,1948
Gordini,1975
Gordini,1976
Gordini,1977
Gordini,1978
Gordini,1979
Gordini,1980
TL,1971
TL,1972
TL,1973
TL,1974
TL,1975
TL,1976
TL,1977
TL,1978
TL,1979
TL,1980
TS Automatic,1977
TS Automatic,1978
TS Automatic,1979
TS Automatic,1980
TS,1974
TS,1975
Alfa Romeo 1750 Berlina,1969
Alfa Romeo 1750 GTV,1967
1.4 TL/GTL,1978
1.4 TL/GTL,1979
1.4 TL/GTL,1980
1.4 TL/GTL,1981
1.4 TL/GTL,1982
1.4 TL/GTL,1983
1.4 TL,1983
1.4 TL,1984
1.4 TL,1985
1.4 TL,1986
1.6 GTL,1981
1.6 GTL,1982
1.6 GTL,1983
1.6 GTL,1984
1.6 GTL,1985
1.6 GTL,1986
1.6 TS/GTS,1980
1.6 TS/GTS,1981
1.6 TS/GTS,1982
1.6 TS/GTS,1983
1.6 TS/GTS,1984
1.6 TS/GTS,1985
1.6 TS/GTS,1986
1.6,1978
1.6,1979
1.6,1980
1.6,1981
2.0 Automatic,1983
2.0 Automatic,1984
2.0 Automatic,1985
2.0 Automatic,1986
2.0 GTX Type 2,1980
2.0 GTX Type 2,1981
2.0 GTX Type 2,1982
2.0 GTX Type 2,1983
2.0 GTX Type 2,1984
2.0 GTX Type 2,1985
2.0 GTX Type 2,1986
2.0 TX/GTX,1983
2.0 TX/GTX,1984
2.0 TX/GTX,1985
2.0 TX/GTX,1986
TD/GTD,1984
TD/GTD,1985
TD/GTD,1986
TL Break,1978
TS Break 5-Speed,1978
TS Break,1978
Turbo-D Type 2,1981
Turbo-D Type 2,1982
Turbo-D Type 2,1983
Turbo-D Type 2,1984
Turbo-D Type 2,1985
Turbo-D Type 2,1986
Turbo Type 2,1983
Turbo Type 2,1984
Turbo Type 2,1985
Turbo,1980
Turbo,1981
Turbo,1982
Turbo,1983
1.8 16v,1992
1.8 16v,1993
1.8 16v,1994
1.8 16v,1995
1.8 RSi,1995
1.8 RSi,1996
1.8,1992
1.8,1993
1.8,1994
1.8,1995
1.8,1996
1.4 TR/GTR,1989
1.4 TR/GTR,1990
1.4 TR/GTR,1991
1.4 TR/GTR,1992
1.4 TS/GTS Energy,1989
1.4 TS/GTS Energy,1990
1.7 GTX/TXE,1989
1.7 GTX/TXE,1990
1.7 GTX/TXE,1991
1.7 GTX/TXE,1992
1.7 TS/GTS,1989
1.7 TS/GTS,1990
1.7 TS/GTS,1991
1.7 TS/GTS,1992
16v,1990
16v,1991
16v,1992
TD/GTD,1989
TD/GTD,1990
TD/GTD,1991
TD/GTD,1992
Turbo D,1991
Turbo D,1992
Alfa Romeo 1900 Berlina,1950
Super,1954
AR 51 La Matta,1952
Inter,1950
Inter,1951
Sport,1950
Sport,1951
1.25,2002
1.25,2003
1.25,2004
1.25,2005
1.25,2006
1.25,2007
1.4 CRTD,2002
1.4 CRTD,2003
1.4 CRTD,2004
1.4 CRTD,2005
1.4 CRTD,2006
1.4 CRTD,2007
1.4,2003
1.4,2004
1.4,2005
1.4,2006
1.4,2007
1.6,2002
1.6,2003
1.6,2004
1.6,2005
1.6,2006
1.6,2007
1.5 SKYACTIV-D 105HP Luxury,2015
1.5 SKYACTIV-D 105HP Luxury,2016
1.5 SKYACTIV-D 105HP Luxury,2017
1.5 SKYACTIV-D 105HP Luxury,2018
1.5 SKYACTIV-D 105HP Luxury,2019
1.5 SKYACTIV-D 105HP Style+ Confort,2015
1.5 SKYACTIV-D 105HP Style+ Confort,2016
1.5 SKYACTIV-D 105HP Style+ Confort,2017
1.5 SKYACTIV-D 105HP Style+ Confort,2018
1.5 SKYACTIV-D 105HP Style+ Confort,2019
1.5 SKYACTIV-D 105HP Style+,2015
1.5 SKYACTIV-D 105HP Style+,2016
1.5 SKYACTIV-D 105HP Style+,2017
1.5 SKYACTIV-D 105HP Style+,2018
1.5 SKYACTIV-D 105HP Style+,2019
1.5 SKYACTIV-G 75HP Style+ Confort,2015
1.5 SKYACTIV-G 75HP Style+ Confort,2016
1.5 SKYACTIV-G 75HP Style+ Confort,2017
1.5 SKYACTIV-G 75HP Style+ Confort,2018
1.5 SKYACTIV-G 75HP Style+ Confort,2019
1.5 SKYACTIV-G 75HP Style+,2015
1.5 SKYACTIV-G 75HP Style+,2016
1.5 SKYACTIV-G 75HP Style+,2017
1.5 SKYACTIV-G 75HP Style+,2018
1.5 SKYACTIV-G 75HP Style+,2019
1.5 SKYACTIV-G 75HP Style,2015
1.5 SKYACTIV-G 75HP Style,2016
1.5 SKYACTIV-G 75HP Style,2017
1.5 SKYACTIV-G 75HP Style,2018
1.5 SKYACTIV-G 75HP Style,2019
1.5 SKYACTIV-G 90HP Auto Luxury,2015
1.5 SKYACTIV-G 90HP Auto Luxury,2016
1.5 SKYACTIV-G 90HP Auto Luxury,2017
1.5 SKYACTIV-G 90HP Auto Luxury,2018
1.5 SKYACTIV-G 90HP Auto Luxury,2019
1.5 SKYACTIV-G 90HP Luxury,2015
1.5 SKYACTIV-G 90HP Luxury,2016
1.5 SKYACTIV-G 90HP Luxury,2017
1.5 SKYACTIV-G 90HP Luxury,2018
1.5 SKYACTIV-G 90HP Luxury,2019
1.5 SKYACTIV-G 90HP Style+ Confort,2015
1.5 SKYACTIV-G 90HP Style+ Confort,2016
1.5 SKYACTIV-G 90HP Style+ Confort,2017
1.5 SKYACTIV-G 90HP Style+ Confort,2018
1.5 SKYACTIV-G 90HP Style+ Confort,2019
3-doors Active 1.3 75HP,2010
3-doors Active 1.3 75HP,2011
3-doors Active 1.3 75HP,2012
3-doors Active 1.3 75HP,2013
3-doors Active 1.3 75HP,2014
3-doors Active 1.3 75HP,2015
3-doors Sportive 1.5 103HP,2010
3-doors Sportive 1.5 103HP,2011
3-doors Sportive 1.5 103HP,2012
3-doors Sportive 1.5 103HP,2013
3-doors Sportive 1.5 103HP,2014
3-doors Sportive 1.5 103HP,2015
3-doors Sportive 1.6 CRTD 90HP,2010
3-doors Sportive 1.6 CRTD 90HP,2011
3-doors Sportive 1.6 CRTD 90HP,2012
3-doors Sportive 1.6 CRTD 90HP,2013
3-doors Sportive 1.6 CRTD 90HP,2014
3-doors Sportive 1.6 CRTD 90HP,2015
3-doors Style 1.3 86HP,2010
3-doors Style 1.3 86HP,2011
3-doors Style 1.3 86HP,2012
3-doors Style 1.3 86HP,2013
3-doors Style 1.3 86HP,2014
3-doors Style 1.3 86HP,2015
3-doors Style 1.4 CRTD 68HP,2010
3-doors Style 1.4 CRTD 68HP,2011
3-doors Style 1.4 CRTD 68HP,2012
3-doors Style 1.4 CRTD 68HP,2013
3-doors Style 1.4 CRTD 68HP,2014
3-doors Style 1.4 CRTD 68HP,2015
3-doors Style 1.6 CRTD 90HP,2010
3-doors Style 1.6 CRTD 90HP,2011
3-doors Style 1.6 CRTD 90HP,2012
3-doors Style 1.6 CRTD 90HP,2013
3-doors Style 1.6 CRTD 90HP,2014
3-doors Style 1.6 CRTD 90HP,2015
5-doors Active 1.3 75HP,2010
5-doors Active 1.3 75HP,2011
5-doors Active 1.3 75HP,2012
5-doors Active 1.3 75HP,2013
5-doors Active 1.3 75HP,2014
5-doors Active 1.3 75HP,2015
5-doors Sportive 1.5 103HP,2010
5-doors Sportive 1.5 103HP,2011
5-doors Sportive 1.5 103HP,2012
5-doors Sportive 1.5 103HP,2013
5-doors Sportive 1.5 103HP,2014
5-doors Sportive 1.5 103HP,2015
5-doors Sportive 1.6 CRTD 90HP,2010
5-doors Sportive 1.6 CRTD 90HP,2011
5-doors Sportive 1.6 CRTD 90HP,2012
5-doors Sportive 1.6 CRTD 90HP,2013
5-doors Sportive 1.6 CRTD 90HP,2014
5-doors Sportive 1.6 CRTD 90HP,2015
5-doors Style 1.3 86HP,2010
5-doors Style 1.3 86HP,2011
5-doors Style 1.3 86HP,2012
5-doors Style 1.3 86HP,2013
5-doors Style 1.3 86HP,2014
5-doors Style 1.3 86HP,2015
5-doors Style 1.4 CRTD 68HP,2010
5-doors Style 1.4 CRTD 68HP,2011
5-doors Style 1.4 CRTD 68HP,2012
5-doors Style 1.4 CRTD 68HP,2013
5-doors Style 1.4 CRTD 68HP,2014
5-doors Style 1.4 CRTD 68HP,2015
5-doors Style 1.6 CRTD 90HP,2010
5-doors Style 1.6 CRTD 90HP,2011
5-doors Style 1.6 CRTD 90HP,2012
5-doors Style 1.6 CRTD 90HP,2013
5-doors Style 1.6 CRTD 90HP,2014
5-doors Style 1.6 CRTD 90HP,2015
Iruka 1.3 75HP,2014
Iruka 1.3 75HP,2015
Sakura 1.3 75HP,2014
Sakura 1.3 75HP,2015
SKYACTIV-D 1.5 105HP,2014
SKYACTIV-D 1.5 105HP,2015
SKYACTIV-D 1.5 105HP,2016
SKYACTIV-D 1.5 105HP,2017
SKYACTIV-D 1.5 105HP,2018
SKYACTIV-D 1.5 105HP,2019
SKYACTIV-G 1.5 115HP i-ELOOP,2014
SKYACTIV-G 1.5 115HP i-ELOOP,2015
SKYACTIV-G 1.5 115HP i-ELOOP,2016
SKYACTIV-G 1.5 115HP i-ELOOP,2017
SKYACTIV-G 1.5 115HP i-ELOOP,2018
SKYACTIV-G 1.5 115HP i-ELOOP,2019
SKYACTIV-G 1.5 90HP Auto,2014
SKYACTIV-G 1.5 90HP Auto,2015
SKYACTIV-G 1.5 90HP Auto,2016
SKYACTIV-G 1.5 90HP Auto,2017
SKYACTIV-G 1.5 90HP Auto,2018
SKYACTIV-G 1.5 90HP Auto,2019
SKYACTIV-G 1.5 90HP,2014
SKYACTIV-G 1.5 90HP,2015
SKYACTIV-G 1.5 90HP,2016
SKYACTIV-G 1.5 90HP,2017
SKYACTIV-G 1.5 90HP,2018
SKYACTIV-G 1.5 90HP,2019
SkyActiv-G 75,2021
SkyActiv-G 90 Auto,2021
SkyActiv-G 90,2021
Maserati 2.24v,1988
Maserati 2.24v,1989
Maserati 2.24v,1990
Maserati 2.24v,1991
Maserati 2.24v,1992
1.6 TL,1977
1.6 TL,1978
1.6 TL,1979
1.6 TL,1980
1.6 TL,1981
1.6 TL,1982
1.6 TL,1983
1.6 TL,1984
2.0 LS/TS,1977
2.0 LS/TS,1978
2.0 LS/TS,1979
2.0 LS/TS,1980
2.0 LS/TS,1981
2.0 LS/TS,1982
2.0 LS/TS,1983
2.0 LS/TS,1984
2.2 TX,1980
2.2 TX,1981
2.2 TX,1982
2.2 TX,1983
2.2 TX,1984
TD/GTD,1980
TD/GTD,1981
TD/GTD,1982
TD/GTD,1983
TD/GTD,1984
2.2 l,1984
2.2 l,1985
2.2 l,1986
2.2 l,1987
2.2 l,1988
2.2l Turbo Quattro 20v,1989
2.2l Turbo Quattro 20v,1990
2.2l Turbo Quattro 20v,1991
2.2l Turbo Quattro,1989
2.2l Turbo Quattro,1990
2.2l Turbo Quattro,1991
2.2l Turbo,1989
2.2l Turbo,1990
2.2l Turbo,1991
2.4 LX,2010
2.4 Touring,2010
3.6 Touring,2010
5/E,1980
5/E,1981
5/E,1982
5/T,1980
5/T,1981
5/T,1982
214,1992
214,1993
214,1994
214,1995
216,1993
216,1994
216,1995
216,1996
1.3,1985
1.3,1986
1.3,1987
1.3,1988
1.3,1989
1.3,1990
1.6 EFi,1985
1.6 EFi,1986
1.6 EFi,1987
1.6 EFi,1988
1.6 EFi,1989
1.6 EFi,1990
1.6,1985
1.6,1986
1.6,1987
1.6,1988
1.6,1989
214 Si,1993
214 Si,1994
214 Si,1995
214 Si,1996
214i,1993
214i,1994
214i,1995
214i,1996
216 GSi,1990
216 GSi,1991
216 GSi,1992
216 GSi,1993
216 GSi,1994
218 GSD Turbo,1991
218 GSD Turbo,1992
218 GSD Turbo,1993
214 Si,1993
214 Si,1994
214 Si,1995
214i,1993
214i,1994
214i,1995
216 GTi,1991
216 GTi,1992
220 GSi,1994
220 GSi,1995
220 GTI,1992
220 GTI,1993
220 GTI,1994
216,1993
216,1994
220 Turbo,1993
220 Turbo,1994
220,1994
220,1995
220,1996
200 BRM,1998
200 BRM,1999
200Vi,1996
200Vi,1997
200Vi,1998
200Vi,1999
214 Si,1996
214 Si,1997
214 Si,1998
214 Si,1999
214i,1996
214i,1997
214i,1998
214i,1999
216,1999
220 D,1996
220 D,1997
220 D,1998
220 D,1999
220 TD,1998
220 TD,1999
1.8 Turbo,1989
1.8 Turbo,1990
1.8 Turbo,1991
1.8 Turbo,1992
1.8 Turbo,1993
1.8 Turbo,1994
2.0 Turbo,1994
2.0 Turbo,1995
2.0 Turbo,1996
2.0 Turbo,1997
2.0 Turbo,1999
2.0 Turbo,2000
2.0 Turbo,2001
2.0 Turbo,2002
Berlina,1958
Alfa Romeo 2000 Berlina,1970
SA,1970
Alfa Romeo 2000 Sportiva Coupe,1954
BMW 2000 TI Coupe,1968
BMW 2004,1973
1.2 e-VTi 82 CMP Blue Lion Allure,2013
1.2 PureTech 100,2019
1.2 PureTech 100,2020
1.2 PureTech 100,2021
1.2 PureTech 110 Active,2015
1.2 PureTech 110 Allure,2015
1.2 PureTech 110 Crossway,2015
1.2 PureTech 110 Style,2016
1.2 PureTech 130 Allure,2015
1.2 PureTech 130 Auto,2019
1.2 PureTech 130 Auto,2020
1.2 PureTech 130 Auto,2021
1.2 PureTech 130 Crossway,2015
1.2 PureTech 130,2019
1.2 PureTech 130,2020
1.2 PureTech 130,2021
1.2 PureTech 82 Access,2015
1.2 PureTech 82 Active,2015
1.2 PureTech 82 ETG5 Active,2015
1.2 PureTech 82 Style,2016
1.2 VTi 82 Access,2013
1.2 VTi 82 Active,2013
1.2 VTi 82 Allure,2013
1.4 HDi 68 Active,2013
1.5 BlueHDI 100 Auto,2019
1.5 BlueHDI 100 Auto,2020
1.5 BlueHDI 100 Auto,2021
1.5 BlueHDI 100,2019
1.5 BlueHDI 100,2020
1.5 BlueHDI 100,2021
1.5 BlueHDi 110,2021
1.5 BlueHDi 130,2021
1.6 BlueHDi 100 Active,2015
1.6 BlueHDi 100 Allure,2015
1.6 BlueHDi 100 Crossway,2015
1.6 BlueHDi 100 Style,2016
1.6 BlueHDi 120 Allure,2015
1.6 BlueHDi 120 Crossway,2015
1.6 e-HDi 115 Allure,2013
1.6 e-HDi 115 Feline Cuivre,2013
1.6 e-HDi 115 Feline Titane,2013
1.6 e-HDi 92 Active,2013
1.6 e-HDi 92 Allure,2013
1.6 e-HDi 92 CMP Active,2013
1.6 e-HDi 92 CMP Blue Lion Allure,2013
1.6 e-HDi 92 ETG6 Active,2013
1.6 e-HDi 92 Feline Cuivre,2013
1.6 e-HDi 92 Feline Titane,2013
1.6 VTi 120 Allure,2013
1.6 VTi 120 Feline Titane,2013
e-2008 EV 50kWh 136 Active,2019
e-2008 EV 50kWh 136 Active,2020
e-2008 EV 50kWh 136 Active,2021
e-2008 EV 50kWh 136 Allure,2019
e-2008 EV 50kWh 136 Allure,2020
e-2008 EV 50kWh 136 Allure,2021
e-2008 GT EV 50kWh 136,2019
e-2008 GT EV 50kWh 136,2020
e-2008 GT EV 50kWh 136,2021
GT 1.2 PureTech 155,2019
GT 1.2 PureTech 155,2020
GT 1.2 PureTech 155,2021
1.0 GL,1987
1.0 GL,1988
1.0 GL,1989
1.0 GL,1990
1.0 GL,1991
1.0 GL,1992
1.1 GL - GR - XR,1983
1.1 GL - GR - XR,1984
1.1 GL - GR - XR,1985
1.1 GL - GR - XR,1986
1.1 GL - GR - XR,1987
1.1 XR - GR,1987
1.1 XR - GR,1988
1.1 XR - GR,1989
1.1i GL - XR - GR,1994
1.1i GL - XR - GR,1995
1.1i GL - XR - GR,1996
1.1i XR - GR,1989
1.1i XR - GR,1990
1.1i XR - GR,1991
1.1i XR - GR,1992
1.1i XR - GR,1993
1.1i XR - GR,1994
1.1i XR - GR,1995
1.1i XR - GR,1996
1.4 SR,1983
1.4 SR,1984
1.4 SR,1985
1.4 SR,1986
1.4 SR,1987
1.4 XR - GR,1989
1.4 XR - GR,1990
1.4 XR - GR,1991
1.4 XR - GR,1992
1.4 XR - GR,1993
1.4i XR - GR - XS,1994
1.4i XR - GR - XS,1995
1.4i XR - GR - XS,1996
1.6 GTI 105,1984
1.6 GTI 105,1985
1.6 GTI 105,1986
1.6 GTI 105,1987
1.6i Auto,1991
1.6i Auto,1992
1.6i Auto,1993
1.6i Auto,1994
1.6i Auto,1995
1.6i XR - GR - XS,1992
1.6i XR - GR - XS,1993
1.8 D GR - SR,1992
1.8 D GR - SR,1993
1.8 D GR - SR,1994
1.8 D GR - SR,1995
1.8 D GR - SR,1996
1.1i,1989
1.1i,1990
1.1i,1991
1.1i,1992
1.1i,1993
1.1i,1994
1.4 CJ,1987
1.4 CJ,1988
1.4i CJ,1993
1.4i CJ,1994
1.6 CTI,1987
1.6 CTI,1988
1.6 CTI,1989
1.6 CTI,1990
1.9 CTI,1990
1.9 CTI,1991
1.9 CTI,1992
1.9 CTI,1993
1.9 CTI,1994
GRD - SRD - (GLD),1983
GRD - SRD - (GLD),1984
GRD - SRD - (GLD),1985
GRD - SRD - (GLD),1986
GRD - SRD - (GLD),1987
GRD - SRD - (GLD),1988
GRD - SRD - (GLD),1989
GRD - SRD - (GLD),1990
GRD - SRD - (GLD),1991
GRD - SRD - (GLD),1992
GRD - SRD - (GLD),1993
GT,1983
GT,1984
GT,1985
GT,1986
GT,1987
GTI 1.9 Cat.,1990
GTI 1.9 Cat.,1991
GTI 1.9 Cat.,1992
GTI 1.9 Cat.,1993
GTI 1.9 Cat.,1994
GTI 1.9,1986
GTI 1.9,1987
GTI 1.9,1988
GTI 1.9,1989
GTI 1.9,1990
GTI 1.9,1991
GTI 1.9,1992
GTI 1.9,1993
Rallye,1988
Rallye,1989
Rallye,1990
Rallye,1991
Rallye,1992
Turbo 16,1984
Turbo 16,1985
Turbo 16,1986
Turbo D,1992
Turbo D,1993
Turbo D,1994
Turbo D,1995
Turbo D,1996
3doors 1.1i 60,2010
3doors 1.1i 60,2011
3doors 1.1i 60,2012
3doors 1.1i 60,2013
3doors 1.4 HDi 70,2010
3doors 1.4 HDi 70,2011
3doors 1.4 HDi 70,2012
3doors 1.4 HDi 70,2013
3doors 1.4i 75,2010
3doors 1.4i 75,2011
3doors 1.4i 75,2012
3doors 1.4i 75,2013
3doors Generation 1.1i 60,2012
3doors Generation 1.1i 60,2013
3doors Generation 1.4 HDi 70,2012
3doors Generation 1.4 HDi 70,2013
3doors Generation 1.4i 75,2012
3doors Generation 1.4i 75,2013
5doors 1.1i 60,2010
5doors 1.1i 60,2011
5doors 1.1i 60,2012
5doors 1.1i 60,2013
5doors 1.4 HDi 70,2010
5doors 1.4 HDi 70,2011
5doors 1.4 HDi 70,2012
5doors 1.4 HDi 70,2013
5doors 1.4i 75,2010
5doors 1.4i 75,2011
5doors 1.4i 75,2012
5doors 1.4i 75,2013
5doors Generation 1.1i 60,2012
5doors Generation 1.1i 60,2013
5doors Generation 1.4 HDi 70,2012
5doors Generation 1.4 HDi 70,2013
5doors Generation 1.4i 75,2012
5doors Generation 1.4i 75,2013
1.1 XR - XT,2002
1.1 XR - XT,2003
1.1 XR - XT,2004
1.1 XR - XT,2005
1.4 16v XT - XS,2003
1.4 16v XT - XS,2004
1.4 16v XT - XS,2005
1.4 16v XT - XS,2006
1.4 Auto XR - XT - RG,2002
1.4 Auto XR - XT - RG,2003
1.4 Auto XR - XT - RG,2004
1.4 Auto XR - XT - RG,2005
1.4 HDI XR - XT,2002
1.4 HDi,2002
1.4 XR - XT - XS - RG,2002
1.4 XR - XT - XS - RG,2003
1.4 XR - XT - XS - RG,2004
1.4 XR - XT - XS - RG,2005
1.4i,1998
1.6 HDI XT - XS,2004
1.6 HDI XT - XS,2005
1.6 HDI XT - XS,2006
1.6 XT - XS,1998
1.6 XT - XS,1999
1.6 XT - XS,2000
1.6 XT - XS,2001
1.6 XT - XS,2002
1.9 D XA - XR - XT,1998
1.9 D XA - XR - XT,1999
1.9 D XA - XR - XT,2000
1.9 D XA - XR - XT,2001
1.9 D XA - XR - XT,2002
2.0 HDI XT - XS,2002
2.0 HDI XT - XS,2003
2.0 HDI XT - XS,2004
2.0 HDI XT - XS,2005
1.6 HDi,2005
1.6 HDi,2006
1.6 HDi,2007
1.6 HDi,2008
1.6i,2001
1.6i,2002
1.6i,2003
1.6i,2004
1.6i,2005
1.6i,2006
1.6i,2007
1.6i,2008
2.0i,2001
2.0i,2002
2.0i,2003
2.0i,2004
2.0i,2005
2.0i,2006
2.0i,2007
2.0i,2008
GTI 1.6 16v,2002
GTI 1.6 16v,2003
GTI 1.6 16v,2004
GTI 1.6 16v,2005
GTI 2.0 16v,2002
GTI 2.0 16v,2003
GTI 2.0 16v,2004
GTI 2.0 16v,2005
RC,2003
RC,2004
RC,2005
RC,2006
1.1 XR - XT,2002
1.1 XR - XT,2003
1.1 XR - XT,2004
1.1 XR - XT,2005
1.1 XR - XT,2006
1.4 16v,2003
1.4 16v,2004
1.4 16v,2005
1.4 16v,2006
1.4 HDI,2002
1.4 HDI,2003
1.4 HDI,2004
1.4 HDI,2005
1.4 HDI,2006
1.4 HDI,2007
1.4 XR - XT - XS,2002
1.4 XR - XT - XS,2003
1.4 XR - XT - XS,2004
1.4 XR - XT - XS,2005
1.4 XR - XT - XS,2006
1.4 XR - XT - XS,2007
1.6 HDI,2004
1.6 HDI,2005
1.6 HDI,2006
1.6 HDI,2007
2.0 16v,2002
2.0 16v,2003
2.0 16v,2004
2.0 16v,2005
2.0 HDI,2002
2.0 HDI,2003
2.0 HDI,2004
2.0 HDI,2005
3d 1.4 HDi,2013
3d 1.4i,2013
5d 1.4 HDi,2013
5d 1.4i,2013
1.4 HDi,2006
1.4 HDi,2007
1.4 HDi,2008
1.4 HDi,2009
1.4i 16v,2006
1.4i 16v,2007
1.4i 16v,2008
1.4i 16v,2009
1.4i,2006
1.4i,2007
1.4i,2008
1.4i,2009
1.6 HDi 110,2006
1.6 HDi 110,2007
1.6 HDi 110,2008
1.6 HDi 110,2009
1.6 HDi 90,2006
1.6 HDi 90,2007
1.6 HDi 90,2008
1.6 HDi 90,2009
1.6i 16v,2006
1.6i 16v,2007
1.6i 16v,2008
1.6i 16v,2009
3p Access 1.4 HDi 70 FAP,2009
3p Access 1.4 HDi 70 FAP,2010
3p Access 1.4 HDi 70 FAP,2011
3p Access 1.4 HDi 70 FAP,2012
3p Access 1.4 HDi 70 FAP,2013
3p Access 1.4 HDi 70 FAP,2014
3p Access 1.4i 75,2009
3p Access 1.4i 75,2010
3p Access 1.4i 75,2011
3p Access 1.4i 75,2012
3p Access 1.4i 75,2013
3p Access 1.4i 75,2014
3p Active 1.4 HDi 70 FAP,2009
3p Active 1.4 HDi 70 FAP,2010
3p Active 1.4 HDi 70 FAP,2011
3p Active 1.4 HDi 70 FAP,2012
3p Active 1.4 HDi 70 FAP,2013
3p Active 1.4 HDi 70 FAP,2014
3p Active 1.4 VTi 95,2009
3p Active 1.4 VTi 95,2010
3p Active 1.4 VTi 95,2011
3p Active 1.4 VTi 95,2012
3p Active 1.4 VTi 95,2013
3p Active 1.4 VTi 95,2014
3p Active 1.4i 75,2009
3p Active 1.4i 75,2010
3p Active 1.4i 75,2011
3p Active 1.4i 75,2012
3p Active 1.4i 75,2013
3p Active 1.4i 75,2014
3p Active 1.6 HDi 112 FAP,2009
3p Active 1.6 HDi 112 FAP,2010
3p Active 1.6 HDi 112 FAP,2011
3p Active 1.6 HDi 112 FAP,2012
3p Active 1.6 HDi 112 FAP,2013
3p Active 1.6 HDi 112 FAP,2014
3p Active 1.6 HDi 92 FAP,2009
3p Active 1.6 HDi 92 FAP,2010
3p Active 1.6 HDi 92 FAP,2011
3p Active 1.6 HDi 92 FAP,2012
3p Active 1.6 HDi 92 FAP,2013
3p Active 1.6 HDi 92 FAP,2014
3p Active 1.6 VTi 120,2009
3p Active 1.6 VTi 120,2010
3p Active 1.6 VTi 120,2011
3p Active 1.6 VTi 120,2012
3p Active 1.6 VTi 120,2013
3p Active 1.6 VTi 120,2014
3p Allure 1.6 HDi 112 FAP,2009
3p Allure 1.6 HDi 112 FAP,2010
3p Allure 1.6 HDi 112 FAP,2011
3p Allure 1.6 HDi 112 FAP,2012
3p Allure 1.6 HDi 112 FAP,2013
3p Allure 1.6 HDi 112 FAP,2014
3p Allure 1.6 THP 155,2009
3p Allure 1.6 THP 155,2010
3p Allure 1.6 THP 155,2011
3p Allure 1.6 THP 155,2012
3p Allure 1.6 THP 155,2013
3p Allure 1.6 THP 155,2014
3p Allure 1.6 VTi 120,2009
3p Allure 1.6 VTi 120,2010
3p Allure 1.6 VTi 120,2011
3p Allure 1.6 VTi 120,2012
3p Allure 1.6 VTi 120,2013
3p Allure 1.6 VTi 120,2014
3p Envy 1.4 HDi 70 FAP,2009
3p Envy 1.4 HDi 70 FAP,2010
3p Envy 1.4 HDi 70 FAP,2011
3p Envy 1.4 HDi 70 FAP,2012
3p Envy 1.4 HDi 70 FAP,2013
3p Envy 1.4 HDi 70 FAP,2014
3p Envy 1.4 VTi 95,2009
3p Envy 1.4 VTi 95,2010
3p Envy 1.4 VTi 95,2011
3p Envy 1.4 VTi 95,2012
3p Envy 1.4 VTi 95,2013
3p Envy 1.4 VTi 95,2014
3p Envy 1.4i 75,2009
3p Envy 1.4i 75,2010
3p Envy 1.4i 75,2011
3p Envy 1.4i 75,2012
3p Envy 1.4i 75,2013
3p Envy 1.4i 75,2014
3p Envy 1.6 HDi 92 FAP,2009
3p Envy 1.6 HDi 92 FAP,2010
3p Envy 1.6 HDi 92 FAP,2011
3p Envy 1.6 HDi 92 FAP,2012
3p Envy 1.6 HDi 92 FAP,2013
3p Envy 1.6 HDi 92 FAP,2014
5p 98 gramos 1.6 HDi 92 FAP,2009
5p 98 gramos 1.6 HDi 92 FAP,2010
5p 98 gramos 1.6 HDi 92 FAP,2011
5p 98 gramos 1.6 HDi 92 FAP,2012
5p 98 gramos 1.6 HDi 92 FAP,2013
5p 98 gramos 1.6 HDi 92 FAP,2014
5p Access 1.4 HDi 70 FAP,2009
5p Access 1.4 HDi 70 FAP,2010
5p Access 1.4 HDi 70 FAP,2011
5p Access 1.4 HDi 70 FAP,2012
5p Access 1.4 HDi 70 FAP,2013
5p Access 1.4 HDi 70 FAP,2014
5p Access 1.4i 75,2009
5p Access 1.4i 75,2010
5p Access 1.4i 75,2011
5p Access 1.4i 75,2012
5p Access 1.4i 75,2013
5p Access 1.4i 75,2014
5p Active 1.4 HDi 70 FAP,2009
5p Active 1.4 HDi 70 FAP,2010
5p Active 1.4 HDi 70 FAP,2011
5p Active 1.4 HDi 70 FAP,2012
5p Active 1.4 HDi 70 FAP,2013
5p Active 1.4 HDi 70 FAP,2014
5p Active 1.4 VTi 95,2009
5p Active 1.4 VTi 95,2010
5p Active 1.4 VTi 95,2011
5p Active 1.4 VTi 95,2012
5p Active 1.4 VTi 95,2013
5p Active 1.4 VTi 95,2014
5p Active 1.4i 75,2009
5p Active 1.4i 75,2010
5p Active 1.4i 75,2011
5p Active 1.4i 75,2012
5p Active 1.4i 75,2013
5p Active 1.4i 75,2014
5p Active 1.6 HDi 112 FAP,2009
5p Active 1.6 HDi 112 FAP,2010
5p Active 1.6 HDi 112 FAP,2011
5p Active 1.6 HDi 112 FAP,2012
5p Active 1.6 HDi 112 FAP,2013
5p Active 1.6 HDi 112 FAP,2014
5p Active 1.6 HDi 92 FAP,2009
5p Active 1.6 HDi 92 FAP,2010
5p Active 1.6 HDi 92 FAP,2011
5p Active 1.6 HDi 92 FAP,2012
5p Active 1.6 HDi 92 FAP,2013
5p Active 1.6 HDi 92 FAP,2014
5p Active 1.6 VTi 120,2009
5p Active 1.6 VTi 120,2010
5p Active 1.6 VTi 120,2011
5p Active 1.6 VTi 120,2012
5p Active 1.6 VTi 120,2013
5p Active 1.6 VTi 120,2014
5p Allure 1.6 HDi 112 FAP,2009
5p Allure 1.6 HDi 112 FAP,2010
5p Allure 1.6 HDi 112 FAP,2011
5p Allure 1.6 HDi 112 FAP,2012
5p Allure 1.6 HDi 112 FAP,2013
5p Allure 1.6 HDi 112 FAP,2014
5p Allure 1.6 HDi 92 FAP,2009
5p Allure 1.6 HDi 92 FAP,2010
5p Allure 1.6 HDi 92 FAP,2011
5p Allure 1.6 HDi 92 FAP,2012
5p Allure 1.6 HDi 92 FAP,2013
5p Allure 1.6 HDi 92 FAP,2014
5p Allure 1.6 VTi 120 Aut.,2009
5p Allure 1.6 VTi 120 Aut.,2010
5p Allure 1.6 VTi 120 Aut.,2011
5p Allure 1.6 VTi 120 Aut.,2012
5p Allure 1.6 VTi 120 Aut.,2013
5p Allure 1.6 VTi 120 Aut.,2014
5p Allure 1.6 VTi 120,2009
5p Allure 1.6 VTi 120,2010
5p Allure 1.6 VTi 120,2011
5p Allure 1.6 VTi 120,2012
5p Allure 1.6 VTi 120,2013
5p Allure 1.6 VTi 120,2014
5p Envy 1.4 HDi 70 FAP,2009
5p Envy 1.4 HDi 70 FAP,2010
5p Envy 1.4 HDi 70 FAP,2011
5p Envy 1.4 HDi 70 FAP,2012
5p Envy 1.4 HDi 70 FAP,2013
5p Envy 1.4 HDi 70 FAP,2014
5p Envy 1.4 VTi 95,2009
5p Envy 1.4 VTi 95,2010
5p Envy 1.4 VTi 95,2011
5p Envy 1.4 VTi 95,2012
5p Envy 1.4 VTi 95,2013
5p Envy 1.4 VTi 95,2014
5p Envy 1.4i 75,2009
5p Envy 1.4i 75,2010
5p Envy 1.4i 75,2011
5p Envy 1.4i 75,2012
5p Envy 1.4i 75,2013
5p Envy 1.4i 75,2014
5p Envy 1.6 HDi 92 FAP,2009
5p Envy 1.6 HDi 92 FAP,2010
5p Envy 1.6 HDi 92 FAP,2011
5p Envy 1.6 HDi 92 FAP,2012
5p Envy 1.6 HDi 92 FAP,2013
5p Envy 1.6 HDi 92 FAP,2014
SW Active 1.4 VTi 95,2009
SW Active 1.4 VTi 95,2010
SW Active 1.4 VTi 95,2011
SW Active 1.4 VTi 95,2012
SW Active 1.4 VTi 95,2013
SW Active 1.4 VTi 95,2014
SW Active 1.6 HDi 112 FAP,2009
SW Active 1.6 HDi 112 FAP,2010
SW Active 1.6 HDi 112 FAP,2011
SW Active 1.6 HDi 112 FAP,2012
SW Active 1.6 HDi 112 FAP,2013
SW Active 1.6 HDi 112 FAP,2014
SW Active 1.6 HDi 92 FAP,2009
SW Active 1.6 HDi 92 FAP,2010
SW Active 1.6 HDi 92 FAP,2011
SW Active 1.6 HDi 92 FAP,2012
SW Active 1.6 HDi 92 FAP,2013
SW Active 1.6 HDi 92 FAP,2014
SW Active 1.6 VTi 120 Aut.,2009
SW Active 1.6 VTi 120 Aut.,2010
SW Active 1.6 VTi 120 Aut.,2011
SW Active 1.6 VTi 120 Aut.,2012
SW Active 1.6 VTi 120 Aut.,2013
SW Active 1.6 VTi 120 Aut.,2014
SW Active 1.6 VTi 120,2009
SW Active 1.6 VTi 120,2010
SW Active 1.6 VTi 120,2011
SW Active 1.6 VTi 120,2012
SW Active 1.6 VTi 120,2013
SW Active 1.6 VTi 120,2014
SW Outdoor 1.6 HDi 112 FAP,2009
SW Outdoor 1.6 HDi 112 FAP,2010
SW Outdoor 1.6 HDi 112 FAP,2011
SW Outdoor 1.6 HDi 112 FAP,2012
SW Outdoor 1.6 HDi 112 FAP,2013
SW Outdoor 1.6 HDi 112 FAP,2014
SW Outdoor 1.6 HDi 92 FAP,2009
SW Outdoor 1.6 HDi 92 FAP,2010
SW Outdoor 1.6 HDi 92 FAP,2011
SW Outdoor 1.6 HDi 92 FAP,2012
SW Outdoor 1.6 HDi 92 FAP,2013
SW Outdoor 1.6 HDi 92 FAP,2014
SW Outdoor 1.6 VTi 120,2009
SW Outdoor 1.6 VTi 120,2010
SW Outdoor 1.6 VTi 120,2011
SW Outdoor 1.6 VTi 120,2012
SW Outdoor 1.6 VTi 120,2013
SW Outdoor 1.6 VTi 120,2014
1.0 PureTech 68,2015
1.0 PureTech 68 Access,2015
1.0 PureTech 68 Active,2015
1.2 GT-Line PureTech 100,2019
1.2 GT-Line PureTech 100,2020
1.2 GT-Line PureTech 100,2021
1.2 GT-Line PureTech 130 Auto,2019
1.2 GT-Line PureTech 130 Auto,2020
1.2 GT-Line PureTech 130 Auto,2021
1.2 PureTech 100 Auto,2019
1.2 PureTech 100 Auto,2020
1.2 PureTech 100 Auto,2021
1.2 PureTech 100,2019
1.2 PureTech 100,2020
1.2 PureTech 100,2021
1.2 PureTech 110,2015
1.2 PureTech 110 EAT6,2015
1.2 PureTech 110 GT-Line,2015
1.2 PureTech 110 S&S,2016
1.2 PureTech 130 Auto,2019
1.2 PureTech 130 Auto,2020
1.2 PureTech 130 Auto,2021
1.2 PureTech 75,2019
1.2 PureTech 75,2020
1.2 PureTech 75,2021
1.2 PureTech 82,2015
1.2 PureTech 82 Active,2015
1.2 PureTech 82 ETG5,2015
1.2 PureTech 82 Style,2016
1.2 PureTech 82 Very Low Consumption,2015
1.5 BlueHDI 100,2019
1.5 BlueHDI 100,2020
1.5 BlueHDI 100,2021
1.6 BlueHDi 100,2015
1.6 BlueHDi 100 GT-Line,2015
1.6 BlueHDi 100 Style,2016
1.6 BlueHDi 100 Very Low Consumption,2015
1.6 BlueHDi 120,2015
1.6 BlueHDi 75,2015
1.6 BlueHDi 75 Access,2015
1.6 BlueHDi 75 Active,2015
1.6 BlueHDi 75 Style,2016
1.6 BlueHDi 75 Very Low Consumption,2015
1.6 THP 165,2015
3-door Access 1.0 VTi 68,2012
3-door Access 1.2 VTi 82,2012
3-door Access 1.4 HDi 68,2012
3-door Active 1.0 PureTech 68,2014
3-door Active 1.0 VTi 68,2013
3-door Active 1.2 VTi 82,2012
3-door Active 1.4 e-HDi 68 CMP Blue Lion,2012
3-door Active 1.4 HDi 68,2012
3-door Active 1.4 VTi 95,2012
3-door Active 1.6 e-HDi 92 CMP,2012
3-door Active 1.6 e-HDi 92,2014
3-door Allure 1.2 VTi 82,2012
3-door Allure 1.4 HDi 68,2012
3-door Allure 1.4 VTi 95,2012
3-door Allure 1.6 BlueHDi 120,2015
3-door Allure 1.6 e-HDi 115,2012
3-door Allure 1.6 e-HDi 92 CMP,2012
3-door Allure 1.6 e-HDi 92,2014
3-door Allure 1.6 THP 155,2012
3-door Allure 1.6 VTi 120,2014
3-door GTi 1.6 THP 200,2013
3-door GTi 30 Aniverssary,2014
3-door Ice Velvet 1.6 e-HDi 115,2012
3-door Like 1.0 VTi 68 Pure Tech,2014
3-door Like 1.4 HDi 68,2014
3-door Urban Soul 1.2 VTi 82,2013
3-door Urban Soul 1.6 e-HDi 92,2013
3-door XY 1.6 e-HDi 115,2013
3-door XY 1.6 e-HDi 92 CMP6,2013
3-door XY 1.6 e-HDi 92,2013
3-door XY 1.6 THP 155,2013
3-door XY 1.6 VTi 120,2013
5-door Access 1.0 VTi 68,2012
5-door Access 1.2 VTi 82,2012
5-door Access 1.4 HDi 68,2012
5-door Active 1.0 VTi 68,2012
5-door Active 1.2 VTi 82,2012
5-door Active 1.4 e-HDi 68 CMP Blue Lion,2012
5-door Active 1.4 HDi 68,2012
5-door Active 1.4 VTi 95,2012
5-door Active 1.6 e-HDi 92 CMP,2012
5-door Active 1.6 e-HDi 92,2014
5-door Allure 1.2 VTi 82,2012
5-door Allure 1.4 HDi 68,2012
5-door Allure 1.4 VTi 95,2012
5-door Allure 1.6 BlueHDi 120,2015
5-door Allure 1.6 e-HDi 115,2012
5-door Allure 1.6 VTi 120,2014
5-door Intuitive 1.2 VTi 82,2013
5-door Like 1.0 VTi 68 Pure Tech,2014
5-door Roland Garros 1.2 VTi 82,2014
5-door Urban Soul 1.2 VTi 82,2013
Active 1.2 VTi 82 ETG5,2013
e-208 EV 50kWh 136,2019
e-208 EV 50kWh 136,2020
e-208 EV 50kWh 136,2021
GTi,2016
GTi by Peugeot Sport,2015
2L Turbo,1987
2L Turbo,1988
2L Turbo,1989
GTX-TI-TXE,1986
GTX-TI-TXE,1987
GTX-TI-TXE,1988
GTX-TI-TXE,1989
TD/GTD 67,1986
TD/GTD 67,1987
TD/GTD 67,1988
TD/GTD 67,1989
TD/GTD 74,1986
TD/GTD 74,1987
TD/GTD 74,1988
TD/GTD 74,1989
TL,1986
TL,1987
TL,1988
TL,1989
TS-GTS-TSE-RS,1986
TS-GTS-TSE-RS,1987
TS-GTS-TSE-RS,1988
TS-GTS-TSE-RS,1989
Turbo D,1986
Turbo D,1987
Turbo D,1988
Turbo D,1989
2L Turbo Quadra,1990
2L Turbo Quadra,1991
2L Turbo Quadra,1992
2L Turbo,1989
2L Turbo,1990
2L Turbo,1991
2L Turbo,1992
GTS-TSE,1989
GTS-TSE,1990
GTS-TSE,1991
GTS-TSE,1992
GTS-TSE,1993
GTS-TSE,1994
SD 1.9D,1989
SD 1.9D,1990
SD 1.9D,1991
SD 1.9D,1992
SD 1.9D,1993
SD 1.9D,1994
SD 1.9D,1995
TD/GTD 74,1989
TD/GTD 74,1990
TD/GTD 74,1991
TD/GTD 74,1992
TD/GTD 74,1993
TD/GTD 74,1994
TD/GTD 74,1995
Turbo D,1989
Turbo D,1990
Turbo D,1991
Turbo D,1992
Turbo D,1993
Turbo D,1994
Turbo D,1995
TXI,1990
TXI,1991
TXI,1992
TXI,1993
TXI,1994
Ferrari 212,1951
Export,1952
Inter,1952
S V12,1952
Sport Spider,1952
B,1979
Ti-4,1980
TI,1979
2.0,1985
2.0,1986
2.0,1987
2.0,1988
2.0,1989
2.3,1989
2.3,1990
2.3,1991
2.3,1992
2.3,1993
D6,1985
D6,1986
D6,1987
D6,1988
D6,1989
D6,1990
D6,1991
D6,1992
D6,1993
Turbo,1982
Turbo,1983
Turbo,1984
Turbo,1985
2.0 TS - GTS,1985
2.0 TS - GTS,1986
2.0 TS - GTS,1987
2.0 TS - GTS,1988
2.0 TS - GTS,1989
2.0 TS - GTS,1990
2.0 TS - GTS,1991
2.0 TS - GTS,1992
2.2 GTX,1984
2.2 GTX,1985
2.2 GTX,1986
2.2 GTX,1987
2.2 GTX,1988
2.2 GTX,1989
2.2 GTX,1990
2.2 GTX,1991
2.2 TXE,1987
2.2 TXE,1988
2.2 TXE,1989
2.2 TXE,1990
2.2 TXE,1991
2.2 TXE,1992
2.7 V6 Injection,1984
2.7 V6 Injection,1985
2.7 V6 Injection,1986
2.7 V6 Injection,1987
2.7 V6 Injection,1988
2.7 V6 Injection,1989
2.7 V6 Injection,1990
2.7 V6 Injection,1991
2.8 V6 Injection 152,1986
2.8 V6 Injection 152,1987
2.8 V6 Injection 152,1988
2.8 V6 Injection 152,1989
2.8 V6 Injection 152,1990
2.8 V6 Injection 152,1991
2.8 V6 Injection 152,1992
2.8 V6 Injection 160,1986
2.8 V6 Injection 160,1987
2.8 V6 Injection 160,1988
2.8 V6 Injection 160,1989
2.8 V6 Injection 160,1990
2.8 V6 Injection 160,1991
2.8 V6 Injection 160,1992
2.0 TI/TXI,1990
2.0 TI/TXI,1991
TD/GTD,1988
TD/GTD,1989
TD/GTD,1990
TD/GTD,1991
TD/GTD,1992
TD/GTD,1993
Turbo-D - Turbo-DX,1984
Turbo-D - Turbo-DX,1985
Turbo-D - Turbo-DX,1986
Turbo-D - Turbo-DX,1987
Turbo-D - Turbo-DX,1988
Turbo-D - Turbo-DX,1989
Turbo-D - Turbo-DX,1990
Turbo-D - Turbo-DX,1991
Turbo-D - Turbo-DX,1992
V6 Turbo,1990
V6 Turbo,1991
TD - GTD,1984
TD - GTD,1985
TD - GTD,1986
TD - GTD,1987
TD - GTD,1988
TD - GTD,1989
TD - GTD,1990
V6 Turbo,1985
V6 Turbo,1986
V6 Turbo,1987
V6 Turbo,1988
Europa,1953
Export,1953
GT Berlinetta Lusso,1962
GT Berlinetta,1963
GT Coupe Speciale,1958
GT Series I Cabriolet,1957
GT SWB VMax,1959
GT SWB,1959
GT,1959
GTO,1964
LM,1963
MM,1952
Testa Rossa,1958
Renault 26.8HP,1939
Limousine,1939
Alfa Romeo 2600 Berlina,1962
L,1962
Coupe,1978
GTB,1963
GTS,1965
GTO,1984
GTO,1985
GTO,1986
6 Charleston,1980
6 Charleston,1981
6 Charleston,1982
6 Charleston,1983
6 Charleston,1984
6 Charleston,1985
6 Charleston,1986
6 Charleston,1987
6 Club,1970
6 Club,1971
6 Club,1972
6 Club,1973
6 Club,1974
6 Club,1975
6 Club,1976
6 Club,1977
6 Club,1978
6 Club,1979
6 Club,1980
6 Club,1981
6 Club,1982
6 Club,1983
6 Club,1984
6 Club,1985
6 Club,1986
6 Club,1987
6 Special,1980
6 Special,1981
6 Special,1982
6 Special,1983
6 Special,1984
6 Special,1985
6 Special,1986
6 Special,1987
6 Special,1988
6 Special,1989
6 Special,1990
6 Special,1991
1.4,2003
1.4,2004
1.4,2005
1.4,2006
1.4,2007
1.4,2008
1.4,2009
1.6 CRTD,2003
1.6 CRTD,2004
1.6 CRTD,2005
1.6 CRTD,2006
1.6 CRTD,2007
1.6 CRTD,2008
1.6 CRTD,2009
1.6,2003
1.6,2004
1.6,2005
1.6,2006
1.6,2007
1.6,2008
1.6,2009
2.0 CRTD,2007
2.0 CRTD,2008
2.0 CRTD,2009
2.0 e-SkyActiv G 150 Auto,2021
2.0 e-SkyActiv G 150,2021
2.0 e-SkyActiv X 186 Auto,2021
2.0 e-SkyActiv X 186,2021
2.0,2003
2.0,2004
2.0,2005
2.0,2006
2.0,2007
2.0,2008
2.0,2009
3 1.8 SkyActiv-D 116 Auto,2019
3 1.8 SkyActiv-D 116 Auto,2020
3 1.8 SkyActiv-D 116 Auto,2021
3 1.8 SkyActiv-D 116,2019
3 1.8 SkyActiv-D 116,2020
3 1.8 SkyActiv-D 116,2021
3 2.0 SkyActiv-G 122 Auto,2019
3 2.0 SkyActiv-G 122 Auto,2020
3 2.0 SkyActiv-G 122 Auto,2021
3 2.0 SkyActiv-G 122,2019
3 2.0 SkyActiv-G 122,2020
3 2.0 SkyActiv-G 122,2021
3 2.0 SkyActiv-X 180 Auto,2019
3 2.0 SkyActiv-X 180 Auto,2020
3 2.0 SkyActiv-X 180 Auto,2021
3 2.0 SkyActiv-X 180,2019
3 2.0 SkyActiv-X 180,2020
3 2.0 SkyActiv-X 180,2021
5p Active 1.6 105HP,2010
5p Active 1.6 105HP,2011
5p Active 1.6 105HP,2012
5p Active 1.6 105HP,2013
5p Active 1.6 CRTD 109HP,2010
5p Active 1.6 CRTD 109HP,2011
5p Active 1.6 CRTD 109HP,2012
5p Active 1.6 CRTD 109HP,2013
5p Luxury 2.0 150HP Aut.,2010
5p Luxury 2.0 150HP Aut.,2011
5p Luxury 2.0 150HP Aut.,2012
5p Luxury 2.0 150HP Aut.,2013
5p Luxury 2.0 DISI 151HP i-Stop,2010
5p Luxury 2.0 DISI 151HP i-Stop,2011
5p Luxury 2.0 DISI 151HP i-Stop,2012
5p Luxury 2.0 DISI 151HP i-Stop,2013
5p Luxury 2.2 CRTD 150HP,2010
5p Luxury 2.2 CRTD 150HP,2011
5p Luxury 2.2 CRTD 150HP,2012
5p Luxury 2.2 CRTD 150HP,2013
5p Sportive 2.0 DISI 151HP i-Stop,2010
5p Sportive 2.0 DISI 151HP i-Stop,2011
5p Sportive 2.0 DISI 151HP i-Stop,2012
5p Sportive 2.0 DISI 151HP i-Stop,2013
5p Sportive 2.2 CRTD 150HP,2010
5p Sportive 2.2 CRTD 150HP,2011
5p Sportive 2.2 CRTD 150HP,2012
5p Sportive 2.2 CRTD 150HP,2013
5p Sportive 2.2 CRTD 185HP,2010
5p Sportive 2.2 CRTD 185HP,2011
5p Sportive 2.2 CRTD 185HP,2012
5p Sportive 2.2 CRTD 185HP,2013
5p Style 1.6 105HP,2010
5p Style 1.6 105HP,2011
5p Style 1.6 105HP,2012
5p Style 1.6 105HP,2013
5p Style 1.6 CRTD 109HP,2010
5p Style 1.6 CRTD 109HP,2011
5p Style 1.6 CRTD 109HP,2012
5p Style 1.6 CRTD 109HP,2013
MPS 2.3 MZR DISI Turbo,2006
MPS 2.3 MZR DISI Turbo,2007
MPS 2.3 MZR DISI Turbo,2008
MPS 2.3 MZR DISI Turbo,2009
MPS 5p 2.3 DISI Turbo,2010
MPS 5p 2.3 DISI Turbo,2011
MPS 5p 2.3 DISI Turbo,2012
MPS 5p 2.3 DISI Turbo,2013
SKYACTIV-D 1.5 105HP Auto,2016
SKYACTIV-D 1.5 105HP Auto,2017
SKYACTIV-D 1.5 105HP Auto,2018
SKYACTIV-D 1.5 105HP Auto,2019
SKYACTIV-D 1.5 105HP,2016
SKYACTIV-D 1.5 105HP,2017
SKYACTIV-D 1.5 105HP,2018
SKYACTIV-D 1.5 105HP,2019
SKYACTIV-D 2.2 150HP Auto,2016
SKYACTIV-D 2.2 150HP Auto,2017
SKYACTIV-D 2.2 150HP Auto,2018
SKYACTIV-D 2.2 150HP Auto,2019
SKYACTIV-D 2.2 150HP,2016
SKYACTIV-D 2.2 150HP,2017
SKYACTIV-D 2.2 150HP,2018
SKYACTIV-D 2.2 150HP,2019
SKYACTIV-G 1.5 100HP,2017
SKYACTIV-G 1.5 100HP,2018
SKYACTIV-G 1.5 100HP,2019
SKYACTIV-G 2.0 120HP Auto,2016
SKYACTIV-G 2.0 120HP Auto,2017
SKYACTIV-G 2.0 120HP Auto,2018
SKYACTIV-G 2.0 120HP Auto,2019
SKYACTIV-G 2.0 120HP,2016
SKYACTIV-G 2.0 120HP,2017
SKYACTIV-G 2.0 120HP,2018
SKYACTIV-G 2.0 120HP,2019
SKYACTIV-G 2.0 165HP i-ELOOP,2016
SKYACTIV-G 2.0 165HP i-ELOOP,2017
SKYACTIV-G 2.0 165HP i-ELOOP,2018
SKYACTIV-G 2.0 165HP i-ELOOP,2019
30 TS Automatic,1975
30 TX Automatic,1979
TD,1982
TD,1983
TD,1984
TS,1980
Turbo Diesel,1982
Turbo Diesel,1983
Turbo Diesel,1984
TX,1980
2+2,1987
2+2,1988
2+2,1989
2+2,1990
Turbo 2+2,1987
Turbo 2+2,1988
Turbo 2+2,1989
Turbo 2+2,1990
Twin Turbo,1990
Twin Turbo,1991
Twin Turbo,1992
Twin Turbo,1993
Twin Turbo,1994
Twin Turbo,1995
Twin Turbo,1996
V8,1967
3.0 V6,1995
3.0 V6,1996
3.0 V6,1997
3.0 V6,1998
3.0 V6,1999
VR-4,1994
VR-4,1995
VR-4,1996
VR-4,1997
1.2 PureTech 130 Allure,2016
1.2 PureTech 130 Allure,2017
1.2 PureTech 130 Allure,2018
1.2 PureTech 130 Allure,2019
1.2 PureTech 130 Allure,2020
1.2 PureTech 130 Auto,2021
1.2 PureTech 130 EAT6 Active,2016
1.2 PureTech 130 EAT6 Active,2017
1.2 PureTech 130 EAT6 Active,2018
1.2 PureTech 130 EAT6 Active,2019
1.2 PureTech 130 EAT6 Active,2020
1.2 PureTech 130 EAT6 Allure,2016
1.2 PureTech 130 EAT6 Allure,2017
1.2 PureTech 130 EAT6 Allure,2018
1.2 PureTech 130 EAT6 Allure,2019
1.2 PureTech 130 EAT6 Allure,2020
1.2 PureTech 130 GT Line,2016
1.2 PureTech 130 GT Line,2017
1.2 PureTech 130 GT Line,2018
1.2 PureTech 130 GT Line,2019
1.2 PureTech 130 GT Line,2020
1.2 PureTech 130 S&S Access,2015
1.2 PureTech 130 S&S Allure,2015
1.2 PureTech 130 S&S Crossway,2015
1.2 PureTech 130,2021
1.5 BlueHDI 130 Auto,2018
1.5 BlueHDI 130 Auto,2019
1.5 BlueHDI 130 Auto,2020
1.5 BlueHDI 130,2018
1.5 BlueHDI 130,2019
1.5 BlueHDI 130,2020
1.6 BlueHDi 100,2016
1.6 BlueHDi 100,2017
1.6 BlueHDi 100,2018
1.6 BlueHDi 120 Access,2014
1.6 BlueHDi 120 Active,2014
1.6 BlueHDi 120 Allure,2014
1.6 BlueHDi 120 Crossway,2015
1.6 BlueHDi 120 EAT6 Active,2016
1.6 BlueHDi 120 EAT6 Active,2017
1.6 BlueHDi 120 EAT6 Active,2018
1.6 BlueHDi 120 EAT6 Allure,2015
1.6 BlueHDi 120 EAT6 Crossway,2015
1.6 BlueHDi 120 EAT6 GT Line,2016
1.6 BlueHDi 120 EAT6 GT Line,2017
1.6 BlueHDi 120 EAT6 GT Line,2018
1.6 BlueHDi 120 GT Line,2016
1.6 BlueHDi 120 GT Line,2017
1.6 BlueHDi 120 GT Line,2018
1.6 BlueHDi 120 Style,2014
1.6 e-HDi 112 FAP CMP Blue Lion Active,2012
1.6 e-HDi 115 CMP Blue Lion Active,2013
1.6 e-HDi 115 ETG6 Active,2013
1.6 HDI 110 FAP CMP Premium,2010
1.6 HDI 110 FAP CMP Sport Pack,2010
1.6 HDI 110 FAP Confort,2010
1.6 HDI 110 FAP Premium,2010
1.6 HDI 110 FAP Sport Pack,2010
1.6 HDI 112 FAP Business Line,2010
1.6 HDI 112 FAP CMP Premium,2010
1.6 HDI 112 FAP CMP Sport Pack,2010
1.6 HDI 112 FAP Confort,2010
1.6 HDI 112 FAP Premium,2010
1.6 HDI 112 FAP Sport Pack,2010
1.6 HDi 115 Access,2013
1.6 HDi 115 Active,2013
1.6 HDi 115 Napapijri,2013
1.6 HDi FAP Access,2009
1.6 PureTech 180,2018
1.6 PureTech 180,2019
1.6 PureTech 180,2020
1.6 THP 155 Napapijri,2013
1.6 THP 156 Active,2009
1.6 THP 156 Aut. Sport Pack,2010
1.6 THP 156 Premium,2010
1.6 THP 156 Sport Pack,2010
1.6 THP 165 Auto,2016
1.6 THP 165 Auto,2017
1.6 THP 165 Auto,2018
1.6 THP 165 S&S EAT6 Allure,2015
1.6 VTi 120 Access,2012
1.6 VTi 120 Active,2012
1.6 VTi 120 Confort,2010
1.6 VTi 120 Premium,2010
1.6 VTi 120 Sport Pack,2010
2.0 BlueHDi 150 Active,2016
2.0 BlueHDi 150 Active,2017
2.0 BlueHDi 150 Active,2018
2.0 BlueHDi 150 Active,2019
2.0 BlueHDi 150 Active,2020
2.0 BlueHDi 150 Allure,2015
2.0 BlueHDi 150 Crossway,2015
2.0 BlueHDi 150 GT Line,2016
2.0 BlueHDi 150 GT Line,2017
2.0 BlueHDi 150 GT Line,2018
2.0 BlueHDi 150 GT Line,2019
2.0 BlueHDi 150 GT Line,2020
2.0 BlueHDi 150 Style,2015
2.0 BlueHDi 150,2016
2.0 BlueHDi 180 EAT6 GT,2016
2.0 BlueHDi 180 EAT6 GT,2017
2.0 BlueHDi 180 EAT6 GT,2018
2.0 BlueHDI 180,2018
2.0 BlueHDI 180,2019
2.0 BlueHDI 180,2020
2.0 HDi 150 FAP Active,2012
2.0 HDi 150 FAP Allure,2012
2.0 HDI 150 FAP Business Line,2010
2.0 HDI 150 FAP Premium,2010
2.0 HDI 150 FAP Sport Pack,2010
2.0 HDi 150 Napapijri,2013
2.0 HDi 163 FAP Aut. Premium,2009
2.0 HDi 163 FAP Aut. Sport Pack,2009
Blue Lease Premium 1.2 PureTech 130 EAT8,2019
Blue Lease Premium 1.2 PureTech 130 EAT8,2020
Crossway 1.2 PureTech 130 EAT8,2019
Crossway 1.2 PureTech 130 EAT8,2020
Crossway 1.2 PureTech 130,2019
Crossway 1.2 PureTech 130,2020
GT-line 1.2 PureTech 130 EAT8,2019
GT-line 1.2 PureTech 130 EAT8,2020
HYbrid 225,2019
HYbrid 225,2020
Hybrid4 2.0 HDi,2013
HYbrid4 300 3.7kW Charger,2019
HYbrid4 300 3.7kW Charger,2020
HYbrid4 300 7.4kW Charger,2019
HYbrid4 300 7.4kW Charger,2020
HYbrid4 300,2021
2.7 V6,2004
2.7 V6,2005
2.7 V6,2006
2.7 V6,2007
2.7 V6,2008
3.0 V6 CRD Executive,2008
3.0 V6 CRD Executive,2009
3.0 V6 CRD Executive,2010
3.0 V6 CRD Executive,2011
3.0 V6 CRD SRT,2008
3.0 V6 CRD SRT,2009
3.0 V6 CRD SRT,2010
3.0 V6 CRD SRT,2011
3.0 V6 CRD,2008
3.0 V6 CRD,2009
3.0 V6 CRD,2010
3.0 V6 CRD,2011
3.5 V6,2004
3.5 V6,2005
3.5 V6,2006
3.5 V6,2007
3.5 V6,2008
5.7 Hemi V8,2004
5.7 Hemi V8,2005
5.7 Hemi V8,2006
5.7 Hemi V8,2007
5.7 Hemi V8,2008
6.1 SRT8,2006
6.1 SRT8,2007
6.1 SRT8,2008
2.7,1998
3.5,1998
Saloon,1933
1.3 S Coupe,1972
1.3 S Coupe,1973
1.3 S Coupe,1974
1.3 S Coupe,1975
1.3 S,1972
1.3 S,1973
1.3 S,1974
1.3 S,1975
1.3 S,1976
1.3 S,1977
1.3 S,1978
1.3,1969
1.3,1970
1.3,1971
1.3,1972
1.3,1973
1.3,1974
1.3,1975
GLD,1977
GLD,1978
GLD,1979
1.3 GL - GR,1982
1.3 GL - GR,1983
1.3 GL - GR,1984
1.3 GL - GR,1985
1.3 GL - GR,1986
1.3 GL - GR,1987
1.5 GL - GR - SR,1983
1.5 GL - GR - SR,1984
1.5 GL - GR - SR,1985
1.5 GL - GR - SR,1986
1.5 GL - GR - SR,1987
1.5 GR - SR,1978
1.5 GR - SR,1979
1.5 GR - SR,1980
1.5 GR - SR,1981
1.5 GR - SR,1982
1.5 S,1978
1.5 S,1979
1.5 S,1980
1.5 S,1981
1.5 S,1982
1.6 Auto,1984
1.6 Auto,1985
1.6 Auto,1986
1.6 Auto,1987
1.6 GR - SR,1987
1.3,1979
1.3,1980
1.3,1981
1.3,1982
1.5 GR - SR,1979
1.5 GR - SR,1980
1.5 GR - SR,1981
1.5 GR - SR,1982
1.5,1982
1.5,1983
1.5,1984
1.5,1985
1.5,1986
1.5,1987
1.5,1988
1.6,1987
1.6,1988
D,1982
D,1983
D,1984
D,1985
D,1986
D,1987
D,1988
GT,1984
GT,1985
GLD - GRD - SRD,1982
GLD - GRD - SRD,1983
GLD - GRD - SRD,1984
GLD - GRD - SRD,1985
GLD - GRD - SRD,1986
GLD - GRD - SRD,1987
GT,1983
GT,1984
GT,1985
GT,1986
GTX 1.9,1984
GTX 1.9,1985
GTX 1.9,1986
GTX 1.9,1987
1.1i,1994
1.1i,1995
1.1i,1996
1.1i,1997
1.4,1997
1.4,1998
1.4,1999
1.4i,1994
1.4i,1995
1.4i,1996
1.4i,1997
1.6,1997
1.6,1998
1.6,1999
1.6i,1994
1.6i,1995
1.6i,1996
1.6i,1997
1.8 16v,1997
1.8 16v,1998
1.8 16v,1999
1.8i,1994
1.8i,1995
1.8i,1996
1.8i,1997
1.9 dt,1997
1.9 dt,1998
1.9 dt,1999
1.9d,1997
1.9d,1998
1.9d,1999
1.8 16v,1997
1.8 16v,1998
1.8 16v,1999
1.8,1997
1.8,1998
1.8,1999
1.8i 16v,1999
1.8i 16v,2000
1.8i 16v,2001
1.8i 16v,2002
1.9 d,1999
1.9 d,2000
1.9 d,2001
1.9 d,2002
1.9 dt,1997
1.9 dt,1998
1.9 dt,1999
2.0 16v,1997
2.0 16v,1998
2.0 HDI,1999
2.0 HDI,2000
2.0 HDI,2001
2.0 HDI,2002
1.8i,1994
1.8i,1995
1.8i,1996
1.8i,1997
2.0 16v,1999
2.0 16v,2000
2.0 16v,2001
2.0i,1994
2.0i,1995
2.0i,1996
2.0i,1997
GTI,1997
GTI,1998
GTI,1999
GTI,2000
GTI,2001
S16,1994
S16,1995
S16,1996
1.6 Aut.,2000
1.6 Aut.,2001
1.6 Aut.,2002
1.6,2000
1.6,2001
1.6,2002
1.8 16v,1997
1.8 16v,1998
1.8 16v,1999
1.8 16v,2000
1.8 16v,2001
1.8 16v,2002
1.9 D,1999
1.9 D,2000
1.9 D,2001
1.9 D,2002
2.0 HDI,1999
2.0 HDI,2000
2.0 HDI,2001
2.0 HDI,2002
XSi 2.0 16v,1997
XSi 2.0 16v,1998
XSi 2.0 16v,1999
XSi,1994
XSi,1995
XSi,1996
XSi,1997
1.4 HDi 70,2001
1.4 HDi 70,2002
1.4 HDi 70,2003
1.4 HDi 70,2004
1.4 HDi 70,2005
1.4i 16v,2004
1.4i 16v,2005
1.4i 16v,2006
1.4i 16v,2007
1.4i 16v,2008
1.6 HDi 110,2004
1.6 HDi 110,2005
1.6 HDi 110,2006
1.6 HDi 110,2007
1.6 HDi 110,2008
1.6 HDi 90,2005
1.6 HDi 90,2006
1.6 HDi 90,2007
1.6 HDi 90,2008
1.6i 16v,2001
1.6i 16v,2002
1.6i 16v,2003
1.6i 16v,2004
1.6i 16v,2005
2.0 16v GT 180,2004
2.0 16v GT 180,2005
2.0 16v GT 180,2006
2.0 16v GT 180,2007
2.0 16v GT 180,2008
2.0 HDi 136,2004
2.0 HDi 136,2005
2.0 HDi 136,2006
2.0 HDi 136,2007
2.0 HDi 136,2008
2.0i,2001
2.0i,2002
2.0i,2003
2.0i,2004
2.0i,2005
1.6i,2003
1.6i,2004
1.6i,2005
1.6i,2006
1.6i,2007
1.6i,2008
2.0 HDi 136,2005
2.0 HDi 136,2006
2.0 HDi 136,2007
2.0 HDi 136,2008
2.0i 16v 180,2003
2.0i 16v 180,2004
2.0i 16v 180,2005
2.0i 16v 180,2006
2.0i 16v 180,2007
2.0i 16v 180,2008
2.0i 16v,2003
2.0i 16v,2004
2.0i 16v,2005
2.0i 16v,2006
2.0i 16v,2007
2.0i 16v,2008
1.6 16V Auto,2002
1.6 16V Auto,2003
1.6 16V Auto,2004
1.6 16V Auto,2005
1.6 16V Auto,2006
1.6 16V Auto,2007
1.6 16V Auto,2008
1.6 16V Clim Plus,2002
1.6 16V Clim Plus,2003
1.6 16V Clim Plus,2004
1.6 16V Clim Plus,2005
1.6 16V D-SIGN,2005
1.6 16V D-SIGN,2006
1.6 16V D-SIGN,2007
1.6 16V D-SIGN,2008
1.6 16V Port Aventura,2002
1.6 16V Port Aventura,2003
1.6 16V Port Aventura,2004
1.6 16V Port Aventura,2005
1.6 16V,2002
1.6 16V,2003
1.6 16V,2004
1.6 16V,2005
1.6 16V,2006
1.6 16V,2007
1.6 16V,2008
1.6 HDi 110 Clim Plus,2004
1.6 HDi 110 Clim Plus,2005
1.6 HDI 110 FAP D-SIGN,2005
1.6 HDI 110 FAP D-SIGN,2006
1.6 HDI 110 FAP D-SIGN,2007
1.6 HDI 110 FAP D-SIGN,2008
1.6 HDI 110 FAP Pack+,2005
1.6 HDI 110 FAP Pack+,2006
1.6 HDI 110 FAP Pack+,2007
1.6 HDI 110 FAP Pack+,2008
1.6 HDI 110 FAP Pack,2005
1.6 HDI 110 FAP Pack,2006
1.6 HDI 110 FAP Pack,2007
1.6 HDI 110 FAP Pack,2008
1.6 HDI 110 FAP XSI,2005
1.6 HDI 110 FAP XSI,2006
1.6 HDI 110 FAP XSI,2007
1.6 HDI 110 FAP XSI,2008
1.6 HDi 110 Pack,2002
1.6 HDi 110 Pack,2003
1.6 HDi 110 Pack,2004
1.6 HDi 110 Pack,2005
1.6 HDi 110 Port Aventura,2002
1.6 HDi 110 Port Aventura,2003
1.6 HDi 110 Port Aventura,2004
1.6 HDi 110 Port Aventura,2005
1.6 HDI 90 D-SIGN,2005
1.6 HDI 90 D-SIGN,2006
1.6 HDI 90 D-SIGN,2007
1.6 HDI 90 D-SIGN,2008
1.6 HDI 90 Pack+,2005
1.6 HDI 90 Pack+,2006
1.6 HDI 90 Pack+,2007
1.6 HDI 90 Pack+,2008
1.6 HDI 90 Pack,2005
1.6 HDI 90 Pack,2006
1.6 HDI 90 Pack,2007
1.6 HDI 90 Pack,2008
1.6 HDi 90 Port Aventura,2004
1.6 HDi 90 Port Aventura,2005
2.0 16V Auto Pack+,2005
2.0 16V Auto Pack+,2006
2.0 16V Auto Pack+,2007
2.0 16V Auto Pack+,2008
2.0 16V Auto Pack,2005
2.0 16V Auto Pack,2006
2.0 16V Auto Pack,2007
2.0 16V Auto Pack,2008
2.0 16V Auto,2002
2.0 16V Auto,2003
2.0 16V Auto,2004
2.0 16V Auto,2005
2.0 16V Pack+,2005
2.0 16V Pack+,2006
2.0 16V Pack+,2007
2.0 16V Pack+,2008
2.0 16V Pack,2005
2.0 16V Pack,2006
2.0 16V Pack,2007
2.0 16V Pack,2008
2.0 16V XSI,2005
2.0 16V XSI,2006
2.0 16V XSI,2007
2.0 16V XSI,2008
2.0 16V,2002
2.0 16V,2003
2.0 16V,2004
2.0 16V,2005
2.0 HDi 110 FAP+ESP Clim,2002
2.0 HDi 110 FAP+ESP Clim,2003
2.0 HDi 110 FAP+ESP Clim,2004
2.0 HDi 110 FAP+ESP Clim,2005
2.0 HDi 110 FAP+ESP Pack,2002
2.0 HDi 110 FAP+ESP Pack,2003
2.0 HDi 110 FAP+ESP Pack,2004
2.0 HDi 110 FAP+ESP Pack,2005
2.0 HDi 110 FAP+ESP,2002
2.0 HDi 110 FAP+ESP,2003
2.0 HDi 110 FAP+ESP,2004
2.0 HDi 110 FAP+ESP,2005
2.0 HDi 136 FAP+ESP,2003
2.0 HDi 136 FAP+ESP,2004
2.0 HDi 136 FAP+ESP,2005
2.0 HDI 136 FAP Auto Pack+,2005
2.0 HDI 136 FAP Auto Pack+,2006
2.0 HDI 136 FAP Auto Pack+,2007
2.0 HDI 136 FAP Auto Pack+,2008
2.0 HDI 136 FAP Pack+,2005
2.0 HDI 136 FAP Pack+,2006
2.0 HDI 136 FAP Pack+,2007
2.0 HDI 136 FAP Pack+,2008
2.0 HDI 136 FAP Pack,2005
2.0 HDI 136 FAP Pack,2006
2.0 HDI 136 FAP Pack,2007
2.0 HDI 136 FAP Pack,2008
2.0 HDI 136 FAP XSI,2005
2.0 HDI 136 FAP XSI,2006
2.0 HDI 136 FAP XSI,2007
2.0 HDI 136 FAP XSI,2008
2.0 HDi 136 Pack,2003
2.0 HDi 136 Pack,2004
2.0 HDi 136 Pack,2005
2.0 HDi 90 Clim Plus,2002
2.0 HDi 90 Clim Plus,2003
2.0 HDi 90 Clim Plus,2004
2.0 HDi 90 Clim Plus,2005
2.0 HDi 90 Pack,2002
2.0 HDi 90 Pack,2003
2.0 HDi 90 Pack,2004
2.0 HDi 90 Pack,2005
2.0 HDi 90 Port Aventura,2002
2.0 HDi 90 Port Aventura,2003
2.0 HDi 90 Port Aventura,2004
2.0 HDi 90 Port Aventura,2005
2.0 HDi 90,2002
2.0 HDi 90,2003
2.0 HDi 90,2004
2.0 HDi 90,2005
1.2 e-THP 130HP PureTech Access,2014
1.2 e-THP 130HP PureTech Access,2015
1.2 e-THP 130HP PureTech Access,2016
1.2 e-THP 130HP PureTech Access,2017
1.2 e-THP 130HP PureTech Active,2014
1.2 e-THP 130HP PureTech Active,2015
1.2 e-THP 130HP PureTech Active,2016
1.2 e-THP 130HP PureTech Active,2017
1.2 e-THP 130HP PureTech Allure,2014
1.2 e-THP 130HP PureTech Allure,2015
1.2 e-THP 130HP PureTech Allure,2016
1.2 e-THP 130HP PureTech Allure,2017
1.2 PureTech 110 S&S Access,2014
1.2 PureTech 110 S&S Access,2015
1.2 PureTech 110 S&S Access,2016
1.2 PureTech 110 S&S Access,2017
1.2 PureTech 110 S&S Active,2014
1.2 PureTech 110 S&S Active,2015
1.2 PureTech 110 S&S Active,2016
1.2 PureTech 110 S&S Active,2017
1.2 PureTech 110 S&S Allure,2014
1.2 PureTech 110 S&S Allure,2015
1.2 PureTech 110 S&S Allure,2016
1.2 PureTech 110 S&S Allure,2017
1.2 PureTech 110 S&S Style,2015
1.2 PureTech 110 S&S Style,2016
1.2 PureTech 110 S&S Style,2017
1.2 PureTech 110,2021
1.2 PureTech 130 Auto,2021
1.2 PureTech 130 EAT6,2017
1.2 PureTech 130 EAT6,2018
1.2 PureTech 130 EAT6,2019
1.2 PureTech 130 EAT6,2020
1.2 PureTech 130 S&S Allure,2016
1.2 PureTech 130 S&S Allure,2017
1.2 PureTech 130 S&S Auto Allure,2014
1.2 PureTech 130 S&S Auto Allure,2015
1.2 PureTech 130 S&S Auto Allure,2016
1.2 PureTech 130 S&S Auto GT Line,2015
1.2 PureTech 130 S&S Auto GT Line,2016
1.2 PureTech 130 S&S Auto Style,2015
1.2 PureTech 130 S&S Auto Style,2016
1.2 PureTech 130 S&S EAT6 Allure,2016
1.2 PureTech 130 S&S EAT6 Allure,2017
1.2 PureTech 130 S&S EAT6 GT Line,2016
1.2 PureTech 130 S&S EAT6 GT Line,2017
1.2 PureTech 130 S&S EAT6 Style,2016
1.2 PureTech 130 S&S EAT6 Style,2017
1.2 PureTech 130 S&S GT Line,2016
1.2 PureTech 130 S&S GT Line,2017
1.2 PureTech 130 S&S Style,2016
1.2 PureTech 130 S&S Style,2017
1.2 PureTech 130,2021
1.2 VTi 82HP Access,2013
1.2 VTi 82HP Access,2014
1.2 VTi 82HP Access,2015
1.2 VTi 82HP Access,2016
1.2 VTi 82HP Access,2017
1.2 VTi 82HP Active,2013
1.2 VTi 82HP Active,2014
1.2 VTi 82HP Active,2015
1.2 VTi 82HP Active,2016
1.2 VTi 82HP Active,2017
1.5 BlueHDi 130 Auto,2021
1.5 BlueHDi 130,2021
1.6 BlueHDi 100 Access,2015
1.6 BlueHDi 100 Access,2016
1.6 BlueHDi 100 Access,2017
1.6 BlueHDi 100 Active,2015
1.6 BlueHDi 100 Active,2016
1.6 BlueHDi 100 Active,2017
1.6 BlueHDi 100 Style,2015
1.6 BlueHDi 100 Style,2016
1.6 BlueHDi 100 Style,2017
1.6 BlueHDi 100,2017
1.6 BlueHDi 100,2018
1.6 BlueHDi 120 Allure,2015
1.6 BlueHDi 120 Allure,2016
1.6 BlueHDi 120 Allure,2017
1.6 BlueHDi 120 EAT6 Style,2015
1.6 BlueHDi 120 EAT6 Style,2016
1.6 BlueHDi 120 EAT6 Style,2017
1.6 BlueHDi 120 EAT6,2017
1.6 BlueHDi 120 EAT6,2018
1.6 BlueHDi 120 Style,2015
1.6 BlueHDi 120 Style,2016
1.6 BlueHDi 120 Style,2017
1.6 BlueHDi 120,2017
1.6 BlueHDi 120,2018
1.6 BlueHDi 120HP Active,2014
1.6 BlueHDi 120HP Active,2015
1.6 BlueHDi 120HP Active,2016
1.6 BlueHDi 120HP Active,2017
1.6 e-HDi 115 Style,2015
1.6 e-HDi 115 Style,2016
1.6 e-HDi 115 Style,2017
1.6 e-HDi 115HP FAP Access,2013
1.6 e-HDi 115HP FAP Access,2014
1.6 e-HDi 115HP FAP Access,2015
1.6 e-HDi 115HP FAP Access,2016
1.6 e-HDi 115HP FAP Access,2017
1.6 e-HDi 115HP FAP Active,2013
1.6 e-HDi 115HP FAP Active,2014
1.6 e-HDi 115HP FAP Active,2015
1.6 e-HDi 115HP FAP Active,2016
1.6 e-HDi 115HP FAP Active,2017
1.6 e-HDi 115HP FAP Allure,2013
1.6 e-HDi 115HP FAP Allure,2014
1.6 e-HDi 115HP FAP Allure,2015
1.6 e-HDi 115HP FAP Allure,2016
1.6 e-HDi 115HP FAP Allure,2017
1.6 HDi 92 Style,2015
1.6 HDi 92 Style,2016
1.6 HDi 92 Style,2017
1.6 HDi 92HP FAP Access,2013
1.6 HDi 92HP FAP Access,2014
1.6 HDi 92HP FAP Access,2015
1.6 HDi 92HP FAP Access,2016
1.6 HDi 92HP FAP Access,2017
1.6 HDi 92HP FAP Active,2013
1.6 HDi 92HP FAP Active,2014
1.6 HDi 92HP FAP Active,2015
1.6 HDi 92HP FAP Active,2016
1.6 HDi 92HP FAP Active,2017
1.6 HDi 92HP FAP Allure,2013
1.6 HDi 92HP FAP Allure,2014
1.6 HDi 92HP FAP Allure,2015
1.6 HDi 92HP FAP Allure,2016
1.6 HDi 92HP FAP Allure,2017
1.6 THP 125HP Access,2013
1.6 THP 125HP Access,2014
1.6 THP 125HP Access,2015
1.6 THP 125HP Access,2016
1.6 THP 125HP Access,2017
1.6 THP 125HP Active,2013
1.6 THP 125HP Active,2014
1.6 THP 125HP Active,2015
1.6 THP 125HP Active,2016
1.6 THP 125HP Active,2017
1.6 THP 125HP Allure,2013
1.6 THP 125HP Allure,2014
1.6 THP 125HP Allure,2015
1.6 THP 125HP Allure,2016
1.6 THP 125HP Allure,2017
1.6 THP 155HP Active,2013
1.6 THP 155HP Active,2014
1.6 THP 155HP Active,2015
1.6 THP 155HP Active,2016
1.6 THP 155HP Active,2017
1.6 THP 155HP Allure,2013
1.6 THP 155HP Allure,2014
1.6 THP 155HP Allure,2015
1.6 THP 155HP Allure,2016
1.6 THP 155HP Allure,2017
1.6 THP 205 S&S GT,2015
1.6 THP 205 S&S GT,2016
1.6 THP 205 S&S GT,2017
2.0 BlueHDi 150 Allure,2016
2.0 BlueHDi 150 Allure,2017
2.0 BlueHDi 150 Auto Allure,2016
2.0 BlueHDi 150 Auto Allure,2017
2.0 BlueHDi 150 EAT6,2017
2.0 BlueHDi 150 EAT6,2018
2.0 BlueHDi 150 GT Line,2016
2.0 BlueHDi 150 GT Line,2017
2.0 BlueHDi 150,2017
2.0 BlueHDi 150,2018
2.0 BlueHDi 150HP Allure,2014
2.0 BlueHDi 150HP Allure,2015
2.0 BlueHDi 150HP Allure,2016
2.0 BlueHDi 150HP Auto Allure,2014
2.0 BlueHDi 150HP Auto Allure,2015
2.0 BlueHDi 150HP Auto Allure,2016
3p Confort 1.4 VTi 95,2009
3p Confort 1.4 VTi 95,2010
3p Confort 1.4 VTi 95,2011
3p Confort 1.4 VTi 95,2012
3p Confort 1.4 VTi 95,2013
3p Confort 1.6 HDi 110 FAP,2009
3p Confort 1.6 HDi 110 FAP,2010
3p Confort 1.6 HDi 110 FAP,2011
3p Confort 1.6 HDi 110 FAP,2012
3p Confort 1.6 HDi 110 FAP,2013
3p Confort 1.6 HDi 90,2009
3p Confort 1.6 HDi 90,2010
3p Confort 1.6 HDi 90,2011
3p Confort 1.6 HDi 90,2012
3p Confort 1.6 HDi 90,2013
3p Confort 1.6 VTi 120,2009
3p Confort 1.6 VTi 120,2010
3p Confort 1.6 VTi 120,2011
3p Confort 1.6 VTi 120,2012
3p Confort 1.6 VTi 120,2013
3p GT 1.6 HDi 110 FAP 6 vel.,2009
3p GT 1.6 HDi 110 FAP 6 vel.,2010
3p GT 1.6 HDi 110 FAP 6 vel.,2011
3p GT 1.6 HDi 110 FAP 6 vel.,2012
3p GT 1.6 HDi 110 FAP 6 vel.,2013
3p GT 1.6 THP 150 6 vel.,2009
3p GT 1.6 THP 150 6 vel.,2010
3p GT 1.6 THP 150 6 vel.,2011
3p GT 1.6 THP 150 6 vel.,2012
3p GT 1.6 THP 150 6 vel.,2013
3p GT 2.0 HDi 140 FAP,2009
3p GT 2.0 HDi 140 FAP,2010
3p GT 2.0 HDi 140 FAP,2011
3p GT 2.0 HDi 140 FAP,2012
3p GT 2.0 HDi 140 FAP,2013
3p Sport 1.4 VTi 95,2009
3p Sport 1.4 VTi 95,2010
3p Sport 1.4 VTi 95,2011
3p Sport 1.4 VTi 95,2012
3p Sport 1.4 VTi 95,2013
3p Sport 1.6 HDi 110 FAP CMP,2009
3p Sport 1.6 HDi 110 FAP CMP,2010
3p Sport 1.6 HDi 110 FAP CMP,2011
3p Sport 1.6 HDi 110 FAP CMP,2012
3p Sport 1.6 HDi 110 FAP CMP,2013
3p Sport 1.6 HDi 110 FAP,2009
3p Sport 1.6 HDi 110 FAP,2010
3p Sport 1.6 HDi 110 FAP,2011
3p Sport 1.6 HDi 110 FAP,2012
3p Sport 1.6 HDi 110 FAP,2013
3p Sport 1.6 HDi 112 FAP CMP,2010
3p Sport 1.6 HDi 112 FAP CMP,2011
3p Sport 1.6 HDi 112 FAP CMP,2012
3p Sport 1.6 HDi 112 FAP CMP,2013
3p Sport 1.6 HDi 90,2009
3p Sport 1.6 HDi 90,2010
3p Sport 1.6 HDi 90,2011
3p Sport 1.6 HDi 90,2012
3p Sport 1.6 HDi 90,2013
3p Sport 1.6 VTi 120,2009
3p Sport 1.6 VTi 120,2010
3p Sport 1.6 VTi 120,2011
3p Sport 1.6 VTi 120,2012
3p Sport 1.6 VTi 120,2013
3p Urban 1.4 VTi 95,2009
3p Urban 1.4 VTi 95,2010
3p Urban 1.4 VTi 95,2011
3p Urban 1.4 VTi 95,2012
3p Urban 1.4 VTi 95,2013
3p Urban 1.6 HDi 90,2009
3p Urban 1.6 HDi 90,2010
3p Urban 1.6 HDi 90,2011
3p Urban 1.6 HDi 90,2012
3p Urban 1.6 HDi 90,2013
5p Confort 1.4 VTi 95,2009
5p Confort 1.4 VTi 95,2010
5p Confort 1.4 VTi 95,2011
5p Confort 1.4 VTi 95,2012
5p Confort 1.4 VTi 95,2013
5p Confort 1.4 VTi 98,2010
5p Confort 1.4 VTi 98,2011
5p Confort 1.4 VTi 98,2012
5p Confort 1.4 VTi 98,2013
5p Confort 1.6 HDi 110 FAP 5 vel.,2010
5p Confort 1.6 HDi 110 FAP 5 vel.,2011
5p Confort 1.6 HDi 110 FAP 5 vel.,2012
5p Confort 1.6 HDi 110 FAP 5 vel.,2013
5p Confort 1.6 HDi 110 FAP CMP,2009
5p Confort 1.6 HDi 110 FAP CMP,2010
5p Confort 1.6 HDi 110 FAP CMP,2011
5p Confort 1.6 HDi 110 FAP CMP,2012
5p Confort 1.6 HDi 110 FAP CMP,2013
5p Confort 1.6 HDi 110 FAP,2009
5p Confort 1.6 HDi 110 FAP,2010
5p Confort 1.6 HDi 110 FAP,2011
5p Confort 1.6 HDi 110 FAP,2012
5p Confort 1.6 HDi 110 FAP,2013
5p Confort 1.6 HDi 112 FAP CMP,2010
5p Confort 1.6 HDi 112 FAP CMP,2011
5p Confort 1.6 HDi 112 FAP CMP,2012
5p Confort 1.6 HDi 112 FAP CMP,2013
5p Confort 1.6 HDi 90,2010
5p Confort 1.6 HDi 90,2011
5p Confort 1.6 HDi 90,2012
5p Confort 1.6 HDi 90,2013
5p Confort 1.6 VTi 120,2010
5p Confort 1.6 VTi 120,2011
5p Confort 1.6 VTi 120,2012
5p Confort 1.6 VTi 120,2013
5p Envy 1.4 VTi 98,2010
5p Envy 1.4 VTi 98,2011
5p Envy 1.4 VTi 98,2012
5p Envy 1.4 VTi 98,2013
5p Envy 1.6 HDi 112 FAP,2010
5p Envy 1.6 HDi 112 FAP,2011
5p Envy 1.6 HDi 112 FAP,2012
5p Envy 1.6 HDi 112 FAP,2013
5p Envy 1.6 HDi 92 FAP,2010
5p Envy 1.6 HDi 92 FAP,2011
5p Envy 1.6 HDi 92 FAP,2012
5p Envy 1.6 HDi 92 FAP,2013
5p Envy 1.6 VTi 120,2010
5p Envy 1.6 VTi 120,2011
5p Envy 1.6 VTi 120,2012
5p Envy 1.6 VTi 120,2013
5p GTi 1.6 THP 200,2010
5p GTi 1.6 THP 200,2011
5p GTi 1.6 THP 200,2012
5p GTi 1.6 THP 200,2013
5p Premium 1.6 HDi 110 FAP 6 vel.,2010
5p Premium 1.6 HDi 110 FAP 6 vel.,2011
5p Premium 1.6 HDi 110 FAP 6 vel.,2012
5p Premium 1.6 HDi 110 FAP 6 vel.,2013
5p Premium 1.6 HDi 112 FAP,2010
5p Premium 1.6 HDi 112 FAP,2011
5p Premium 1.6 HDi 112 FAP,2012
5p Premium 1.6 HDi 112 FAP,2013
5p Premium 1.6 THP 150 6 vel.,2009
5p Premium 1.6 THP 150 6 vel.,2010
5p Premium 1.6 THP 150 6 vel.,2011
5p Premium 1.6 THP 150 6 vel.,2012
5p Premium 1.6 THP 150 6 vel.,2013
5p Premium 1.6 THP 156 6 vel.,2010
5p Premium 1.6 THP 156 6 vel.,2011
5p Premium 1.6 THP 156 6 vel.,2012
5p Premium 1.6 THP 156 6 vel.,2013
5p Premium 1.6 THP 156 Aut,2010
5p Premium 1.6 THP 156 Aut,2011
5p Premium 1.6 THP 156 Aut,2012
5p Premium 1.6 THP 156 Aut,2013
5p Premium 1.6 THP 156,2010
5p Premium 1.6 THP 156,2011
5p Premium 1.6 THP 156,2012
5p Premium 1.6 THP 156,2013
5p Premium 1.6 VTi 120,2010
5p Premium 1.6 VTi 120,2011
5p Premium 1.6 VTi 120,2012
5p Premium 1.6 VTi 120,2013
5p Premium 2.0 HDi 136 FAP Aut.,2010
5p Premium 2.0 HDi 136 FAP Aut.,2011
5p Premium 2.0 HDi 136 FAP Aut.,2012
5p Premium 2.0 HDi 136 FAP Aut.,2013
5p Premium 2.0 HDi 140 FAP,2010
5p Premium 2.0 HDi 140 FAP,2011
5p Premium 2.0 HDi 140 FAP,2012
5p Premium 2.0 HDi 140 FAP,2013
5p Premium 2.0 HDi 163 FAP Aut,2010
5p Premium 2.0 HDi 163 FAP Aut,2011
5p Premium 2.0 HDi 163 FAP Aut,2012
5p Premium 2.0 HDi 163 FAP Aut,2013
5p Sport 1.4 VTi 95,2009
5p Sport 1.4 VTi 95,2010
5p Sport 1.4 VTi 95,2011
5p Sport 1.4 VTi 95,2012
5p Sport 1.4 VTi 95,2013
5p Sport 1.4 VTi 98,2010
5p Sport 1.4 VTi 98,2011
5p Sport 1.4 VTi 98,2012
5p Sport 1.4 VTi 98,2013
5p Sport 1.6 HDi 110 FAP 5 vel.,2010
5p Sport 1.6 HDi 110 FAP 5 vel.,2011
5p Sport 1.6 HDi 110 FAP 5 vel.,2012
5p Sport 1.6 HDi 110 FAP 5 vel.,2013
5p Sport 1.6 HDi 110 FAP CMP,2009
5p Sport 1.6 HDi 110 FAP CMP,2010
5p Sport 1.6 HDi 110 FAP CMP,2011
5p Sport 1.6 HDi 110 FAP CMP,2012
5p Sport 1.6 HDi 110 FAP CMP,2013
5p Sport 1.6 HDi 110 FAP,2009
5p Sport 1.6 HDi 110 FAP,2010
5p Sport 1.6 HDi 110 FAP,2011
5p Sport 1.6 HDi 110 FAP,2012
5p Sport 1.6 HDi 110 FAP,2013
5p Sport 1.6 HDi 112 FAP CMP,2010
5p Sport 1.6 HDi 112 FAP CMP,2011
5p Sport 1.6 HDi 112 FAP CMP,2012
5p Sport 1.6 HDi 112 FAP CMP,2013
5p Sport 1.6 HDi 90,2009
5p Sport 1.6 HDi 90,2010
5p Sport 1.6 HDi 90,2011
5p Sport 1.6 HDi 90,2012
5p Sport 1.6 HDi 90,2013
5p Sport 1.6 VTi 120 Aut.,2010
5p Sport 1.6 VTi 120 Aut.,2011
5p Sport 1.6 VTi 120 Aut.,2012
5p Sport 1.6 VTi 120 Aut.,2013
5p Sport 1.6 VTi 120,2010
5p Sport 1.6 VTi 120,2011
5p Sport 1.6 VTi 120,2012
5p Sport 1.6 VTi 120,2013
5p Sportium 1.6 THP 156,2010
5p Sportium 1.6 THP 156,2011
5p Sportium 1.6 THP 156,2012
5p Sportium 1.6 THP 156,2013
5p Sportium 1.6 VTi 120,2010
5p Sportium 1.6 VTi 120,2011
5p Sportium 1.6 VTi 120,2012
5p Sportium 1.6 VTi 120,2013
BlueHDi 120 EAT6 Style,2015
BlueHDi 120 EAT6 Style,2016
BlueHDi 120 EAT6 Style,2017
BlueHDi 180 EAT6 GT,2015
BlueHDi 180 EAT6 GT,2016
BlueHDi 180 EAT6 GT,2017
CC 1.6 VTi 120,2010
CC 1.6 VTi 120,2011
CC 1.6 VTi 120,2012
CC 1.6 VTi 120,2013
CC Sport 1.6 THP 156,2010
CC Sport 1.6 THP 156,2011
CC Sport 1.6 THP 156,2012
CC Sport 1.6 THP 156,2013
CC Sport 1.6 VTi 120,2010
CC Sport 1.6 VTi 120,2011
CC Sport 1.6 VTi 120,2012
CC Sport 1.6 VTi 120,2013
CC Sport Pack 1.6 THP 156 Aut.,2010
CC Sport Pack 1.6 THP 156 Aut.,2011
CC Sport Pack 1.6 THP 156 Aut.,2012
CC Sport Pack 1.6 THP 156 Aut.,2013
CC Sport Pack 1.6 THP 156,2010
CC Sport Pack 1.6 THP 156,2011
CC Sport Pack 1.6 THP 156,2012
CC Sport Pack 1.6 THP 156,2013
CC Sport Pack 1.6 THP 200,2010
CC Sport Pack 1.6 THP 200,2011
CC Sport Pack 1.6 THP 200,2012
CC Sport Pack 1.6 THP 200,2013
GT 1.6 e-THP 225,2018
GT 1.6 e-THP 225,2019
GT 1.6 THP 205,2017
GT 1.6 THP 205,2018
GT 2.0 BlueHDi 180,2017
GT 2.0 BlueHDi 180,2018
GT 2.0 BlueHDi 180,2019
GT 2.0 BlueHDi 180,2020
GT HYbrid 225,2021
GTi 1.6 e-THP 263,2018
GTi 1.6 e-THP 263,2019
GTi 1.6 e-THP 263,2020
GTi 1.6 e-THP 263,2021
GTi 1.6 THP 270,2017
GTi 1.6 THP 270,2018
GTi 250,2015
GTi 250,2016
GTi 250,2017
GTi 270,2015
GTi 270,2016
GTi 270,2017
HYbrid 180,2021
SW Confort 1.6 VTi 120,2010
SW Confort 1.6 VTi 120,2011
SW Confort 1.6 VTi 120,2012
SW Confort 1.6 VTi 120,2013
SW Envy 1.6 VTi 120,2010
SW Envy 1.6 VTi 120,2011
SW Envy 1.6 VTi 120,2012
SW Envy 1.6 VTi 120,2013
SW Premium 1.6 THP 140 Aut.,2009
SW Premium 1.6 THP 140 Aut.,2010
SW Premium 1.6 THP 140 Aut.,2011
SW Premium 1.6 THP 140 Aut.,2012
SW Premium 1.6 THP 140 Aut.,2013
SW Premium 1.6 THP 150,2009
SW Premium 1.6 THP 150,2010
SW Premium 1.6 THP 150,2011
SW Premium 1.6 THP 150,2012
SW Premium 1.6 THP 150,2013
SW Premium 1.6 THP 156 Aut.,2010
SW Premium 1.6 THP 156 Aut.,2011
SW Premium 1.6 THP 156 Aut.,2012
SW Premium 1.6 THP 156 Aut.,2013
SW Premium 1.6 THP 156,2010
SW Premium 1.6 THP 156,2011
SW Premium 1.6 THP 156,2012
SW Premium 1.6 THP 156,2013
SW Premium 1.6 VTi 120,2010
SW Premium 1.6 VTi 120,2011
SW Premium 1.6 VTi 120,2012
SW Premium 1.6 VTi 120,2013
SW Sport 1.6 VTi 120 Aut.,2010
SW Sport 1.6 VTi 120 Aut.,2011
SW Sport 1.6 VTi 120 Aut.,2012
SW Sport 1.6 VTi 120 Aut.,2013
SW Sport 1.6 VTi 120,2010
SW Sport 1.6 VTi 120,2011
SW Sport 1.6 VTi 120,2012
SW Sport 1.6 VTi 120,2013
SW Sportium 1.6 THP 156,2010
SW Sportium 1.6 THP 156,2011
SW Sportium 1.6 THP 156,2012
SW Sportium 1.6 THP 156,2013
SW Sportium 1.6 VTi 120,2010
SW Sportium 1.6 VTi 120,2011
SW Sportium 1.6 VTi 120,2012
SW Sportium 1.6 VTi 120,2013
1.8 TFSI Ultra 190HP S-tronic 7 Speeds,2014
2.0 TDI Ultra 150HP S-tronic 7 Speeds,2014
2.0 TDI Ultra 150HP,2014
2.0 TDI ultra 190HP Quattro S-tronic 7 Speeds,2016
2.0 TDI Ultra 190HP S-tronic 7 Speeds,2014
2.0 TDI Ultra 190HP,2014
2.0 TFSI 252HP Quattro S-tronic 7 Speeds,2016
2.0 TFSI 252HP S-tronic 7 Speeds,2014
3.0 Bi TDI 320HP Quattro Tiptronic 8 Speeds Competition,2016
3.0 Bi TDI 320HP Quattro Tiptronic 8 Speeds,2014
3.0 TDI 218HP Quattro S-tronic 7 Speeds,2016
3.0 TDI 218HP S-tronic 7 Speeds,2016
3.0 TDI 272HP Quattro S-tronic 7 Speeds,2014
3.0 TFSI 333HP Quattro S-tronic 7 Speeds,2014
S6 4.0 TFSI 450HP Quattro S-tronic 7 Speeds,2014
180 7G-DCT,2017
180 7G-DCT,2018
180 7G-DCT,2019
180 7G-DCT,2020
180 7G-DCT,2021
180 d,2016
180,2016
200 7G-DCT,2017
200 7G-DCT,2018
200 7G-DCT,2019
200 7G-DCT,2020
200 7G-DCT,2021
200 d 7G-DCT,2017
200 d 7G-DCT,2018
200 d 7G-DCT,2019
200 d 7G-DCT,2020
200 d 7G-DCT,2021
200 d,2016
200,2016
220 d 4MATIC 7G-DCT,2017
220 d 4MATIC 7G-DCT,2018
220 d 4MATIC 7G-DCT,2019
220 d 4MATIC 7G-DCT,2020
220 d 4MATIC 7G-DCT,2021
220 d 7G-DCT,2016
250 4MATIC 7G-DCT,2016
AMG 45 4MATIC,2016
2.7L EcoBoost V6 4x2 5.5 ft. SuperCrew,2015
2.7L EcoBoost V6 4x2 6.5 ft. Regular,2015
2.7L EcoBoost V6 4x2 6.5 ft. SuperCab,2015
2.7L EcoBoost V6 4x2 6.5 ft. SuperCrew,2015
2.7L EcoBoost V6 4x2 8 ft. Regular,2015
2.7L EcoBoost V6 4x2 8 ft. SuperCab,2015
2.7L EcoBoost V6 4x4 5.5 ft. SuperCrew,2015
2.7L EcoBoost V6 4x4 6.5 ft. Regular,2015
2.7L EcoBoost V6 4x4 6.5 ft. SuperCab,2015
2.7L EcoBoost V6 4x4 8 ft. Regular,2015
3.5L EcoBoost V6 4x2 5.5 ft. SuperCrew,2015
3.5L EcoBoost V6 4x2 6.5 ft. SuperCab,2015
3.5L EcoBoost V6 4x2 6.5 ft. SuperCrew,2015
3.5L EcoBoost V6 4x2 8 ft. Regular,2015
3.5L EcoBoost V6 4x2 8 ft. SuperCab,2015
3.5L EcoBoost V6 4x4 5.5 ft. SuperCrew,2015
3.5L EcoBoost V6 4x4 6.5 ft. SuperCab,2015
3.5L EcoBoost V6 4x4 6.5 ft. SuperCrew,2015
3.5L EcoBoost V6 4x4 8 ft. Regular,2015
3.5L EcoBoost V6 4x4 8 ft. SuperCab,2015
3.5L Ti-VCT V6 4x2 5.5 ft. SuperCrew,2015
3.5L Ti-VCT V6 4x2 6.5 ft. Regular,2015
3.5L Ti-VCT V6 4x2 6.5 ft. SuperCab,2015
3.5L Ti-VCT V6 4x2 8 ft. Regular,2015
3.5L TI-VCT V6 4x2 Regular 6.5ft,2015
3.5L TI-VCT V6 4x2 Regular 8ft,2015
3.5L Ti-VCT V6 4x4 5.5 ft. SuperCrew,2015
3.5L Ti-VCT V6 4x4 6.5 ft. Regular,2015
3.5L Ti-VCT V6 4x4 6.5 ft. SuperCab,2015
3.5L Ti-VCT V6 4x4 8 ft. Regular,2015
3.5L TI-VCT V6 4x4 Regular 6.5ft,2015
3.5L TI-VCT V6 4x4 Regular 8ft,2015
 3.7L V6 4V Ti-VCT 4x2 6.5ft box Regular Cab,2011
 3.7L V6 4V Ti-VCT 4x2 6.5ft box Regular Cab,2012
 3.7L V6 4V Ti-VCT 4x2 6.5ft box Regular Cab,2013
 3.7L V6 4V Ti-VCT 4x2 6.5ft box Regular Cab,2014
 3.7L V6 4V Ti-VCT 4x2 6.5ft box SuperCab,2011
 3.7L V6 4V Ti-VCT 4x2 6.5ft box SuperCab,2012
 3.7L V6 4V Ti-VCT 4x2 6.5ft box SuperCab,2013
 3.7L V6 4V Ti-VCT 4x2 6.5ft box SuperCab,2014
 3.7L V6 4V Ti-VCT 4x2 8ft box Regular Cab,2011
 3.7L V6 4V Ti-VCT 4x2 8ft box Regular Cab,2012
 3.7L V6 4V Ti-VCT 4x2 8ft box Regular Cab,2013
 3.7L V6 4V Ti-VCT 4x2 8ft box Regular Cab,2014
 3.7L V6 4V Ti-VCT 4x4 6.5ft box Regular Cab,2011
 3.7L V6 4V Ti-VCT 4x4 6.5ft box Regular Cab,2012
 3.7L V6 4V Ti-VCT 4x4 6.5ft box Regular Cab,2013
 3.7L V6 4V Ti-VCT 4x4 6.5ft box Regular Cab,2014
 3.7L V6 4V Ti-VCT 4x4 8ft box Regular Cab,2011
 3.7L V6 4V Ti-VCT 4x4 8ft box Regular Cab,2012
 3.7L V6 4V Ti-VCT 4x4 8ft box Regular Cab,2013
 3.7L V6 4V Ti-VCT 4x4 8ft box Regular Cab,2014
 4.6L V8 2V 4x2 5.5ft box SuperCab,2009
4.6L V8 2V 4x2 6.5 ft. Regular,2009
4.6L V8 2V 4x2 6.5 ft. Regular,2010
 4.6L V8 2V 4x2 6.5ft box SuperCab,2009
 4.6L V8 2V 4x2 6.5ft box SuperCab,2010
4.6L V8 2V 4x2 8 ft. Regular Cab,2009
4.6L V8 2V 4x2 8 ft. Regular Cab,2010
 4.6L V8 2V 4x4 5.5ft box SuperCab,2009
 4.6L V8 2V 4x4 6.5ft box Regular Cab,2009
 4.6L V8 2V 4x4 6.5ft box Regular Cab,2010
 4.6L V8 2V 4x4 6.5ft box SuperCab,2009
 4.6L V8 2V 4x4 6.5ft box SuperCab,2010
 4.6L V8 2V 4x4 8ft box Regular Cab,2009
 4.6L V8 2V 4x4 8ft box Regular Cab,2010
 4.6L V8 3V 4x2 5.5ft box SuperCab,2009
 4.6L V8 3V 4x2 6.5ft box SuperCab,2009
 4.6L V8 3V 4x2 6.5ft box SuperCab,2010
 4.6L V8 3V 4x2 8ft box Regular Cab,2009
 4.6L V8 3V 4x2 8ft box Regular Cab,2010
 4.6L V8 3V 4x4 5.5ft box SuperCab,2009
 4.6L V8 3V 4x4 6.5ft box Regular Cab,2009
 4.6L V8 3V 4x4 6.5ft box Regular Cab,2010
 4.6L V8 3V 4x4 6.5ft box SuperCab,2009
 4.6L V8 3V 4x4 6.5ft box SuperCab,2010
 4.6L V8 3V 4x4 8ft box Regular Cab,2009
 4.6L V8 3V 4x4 8ft box Regular Cab,2010
5.0L V8 4x2 5.5 ft. SuperCrew,2015
5.0L V8 4x2 6.5 ft. Regular,2015
5.0L V8 4x2 6.5 ft. SuperCab,2015
5.0L V8 4x2 6.5 ft. SuperCrew,2015
5.0L V8 4x2 8 ft. Regular,2015
5.0L V8 4x2 8 ft. SuperCab,2015
5.0L V8 4x4 5.5 ft. SuperCrew,2015
5.0L V8 4x4 6.5 ft. Regular,2015
5.0L V8 4x4 6.5 ft. SuperCab,2015
5.0L V8 4x4 6.5 ft. SuperCrew,2015
5.0L V8 4x4 8 ft. Regular,2015
5.0L V8 4x4 8 ft. SuperCab,2015
 5.4L V8 3V 4x2 5.5ft box SuperCab,2009
 5.4L V8 3V 4x2 6.5ft box SuperCab,2009
 5.4L V8 3V 4x2 6.5ft box SuperCab,2010
 5.4L V8 3V 4x2 8ft box LWB SuperCab,2009
 5.4L V8 3V 4x2 8ft box LWB SuperCab,2010
 5.4L V8 3V 4x2 8ft box Regular Cab,2009
 5.4L V8 3V 4x2 8ft box Regular Cab,2010
 5.4L V8 3V 4x4 5.5ft box SuperCab,2009
 5.4L V8 3V 4x4 6.5ft box Regular Cab,2009
 5.4L V8 3V 4x4 6.5ft box Regular Cab,2010
 5.4L V8 3V 4x4 6.5ft box SuperCab,2009
 5.4L V8 3V 4x4 6.5ft box SuperCab,2010
 5.4L V8 3V 4x4 8ft box LWB SuperCab,2009
 5.4L V8 3V 4x4 8ft box LWB SuperCab,2010
 5.4L V8 3V 4x4 8ft box Regular Cab,2009
 5.4L V8 3V 4x4 8ft box Regular Cab,2010
560,2018
560,2019
560,2020
560,2021
63 AMG 4MATIC,2018
63 AMG 4MATIC,2019
63 AMG 4MATIC,2020
63 AMG 4MATIC,2021
65 AMG,2018
65 AMG,2019
65 AMG,2020
65 AMG,2021
